id,sourceNo,location,locationCode,locationNo,localName,scientificName,family,usedParts,processing,plantCategories,plantCategoryCount,diseaseCategories,diseaseCategoryCount
1,1,Fakultas Ilmu Kesehatan,FIKES,1,Kalatea,Calathea lutea (Aubl.) E.Mey. ex Schult.,Marantaceae,Daun,"Daun segar diperas dan sarinya digunakan langsung secara topikal pada mata; daun juga diekstraksi melalui maserasi dingin, Soxhlet, dan distilasi uap, kemudian dipartisi/fraksinasi dengan pelarut organik.",Tanaman Obat; Tanaman Estetik,2,Gangguan Mata (Oftalmologi); Penyakit Infeksi,2
2,2,Fakultas Ilmu Kesehatan,FIKES,2,Dianella,Dianella ensifolia (L.) Redouté,Asphodelaceae,Akar; bagian aerial (daun dan batang),Akar diekstraksi dengan metanol dan senyawanya diisolasi melalui kromatografi; bagian aerial dihidrodistilasi untuk memperoleh minyak atsiri; ekstrak juga diformulasikan secara topikal.,Tanaman Obat; Tanaman Estetik,2,Gangguan Kulit (Dermatologi); Penyakit Infeksi; Gangguan Onkologi (Kanker),3
3,3,Fakultas Ilmu Kesehatan,FIKES,3,Drasena tutul,Dracaena surculosa Lindl.,Asparagaceae,Belum ditemukan bagian terapeutik yang terverifikasi.,Belum ditemukan cara pengolahan terapeutik yang terverifikasi.,Tanaman Estetik; Tanaman Toksik,2,,0
4,4,Fakultas Ilmu Kesehatan,FIKES,4,Helikonia,Heliconia psittacorum L.f.,Heliconiaceae,Daun,"Daun dimaserasi dengan metanol; ekstrak kemudian dipartisi menjadi fraksi kloroform dan fraksi air untuk pengujian antiproliferatif, sitotoksik, dan antioksidan.",Tanaman Obat; Tanaman Estetik,2,Gangguan Onkologi (Kanker),1
5,5,Fakultas Ilmu Kesehatan,FIKES,5,Ketapang kencana,Terminalia mantaly H.Perrier,Combretaceae,Daun; kulit batang; akar,"Serbuk kering daun, kulit batang, dan akar dimaserasi dengan air atau metanol; ekstrak tertentu difraksinasi dengan heksana, kloroform, dan etil asetat; kulit batang juga diekstraksi dan diisolasi secara kromatografi.",Tanaman Obat; Tanaman Estetik,2,Gangguan Endokrin; Penyakit Infeksi,2
6,6,Fakultas Ilmu Kesehatan,FIKES,6,Kedondong laut hias,Polyscias fruticosa (L.) Harms,Araliaceae,Daun; akar; pucuk/daun muda,"Daun muda dimakan mentah atau setelah direbus/dimasak dalam sup dan masakan; daun dan akar dibuat sebagai rebusan atau diekstraksi dengan air, etanol, dan pelarut lipofilik untuk pengujian farmakologi.",Tanaman Obat; Tanaman Estetik; Tanaman Buah dan Sayuran,3,Gangguan Sistem Pernapasan; Gangguan Sistem Pencernaan; Gangguan Sistem Saraf; Gangguan Endokrin; Gangguan Reumatologi; Penyakit Infeksi,6
7,7,Fakultas Ilmu Kesehatan,FIKES,7,Palem kuning,Chrysalidocarpus lutescens H.Wendl.,Arecaceae,Daun,Daun diekstraksi dengan etanol/alkohol dan dipisahkan secara kromatografi; ekstrak daun juga digunakan dalam sintesis hijau nanopartikel perak untuk uji antibakteri.,Tanaman Obat; Tanaman Estetik,2,Gangguan Sistem Pencernaan; Penyakit Infeksi,2
8,8,Fakultas Ilmu Kesehatan,FIKES,8,Soka merah,Ixora coccinea L.,Rubiaceae,Daun; bunga; akar; kulit batang; buah,"Bagian tanaman digunakan sebagai rebusan/dekokta, infusa, tumbukan atau sediaan topikal; penelitian menggunakan ekstrak metanol, etanol, dan alkohol serta fraksinasi pelarut.",Tanaman Obat; Tanaman Estetik; Tanaman Buah dan Sayuran,3,Gangguan Kardiovaskular; Gangguan Sistem Pencernaan; Gangguan Psikiatri; Gangguan Ginekologi dan Obstetri; Gangguan Mata (Oftalmologi); Gangguan Kulit (Dermatologi); Penyakit Infeksi; Gangguan Onkologi (Kanker),8
9,9,Fakultas Ilmu Kesehatan,FIKES,9,Sambang darah hias,Excoecaria cochinchinensis Lour.,Euphorbiaceae,Bagian aerial; daun,"Bagian aerial dikeringkan, diserbukkan, dan diekstraksi berulang dengan metanol; ekstrak dipartisi bertahap dengan n-heksana, campuran n-heksana-etil asetat, dan etil asetat; penelitian lain menggunakan ekstrak air atau etanol daun.",Tanaman Obat; Tanaman Estetik; Tanaman Toksik,3,Gangguan Sistem Pencernaan; Gangguan Endokrin; Gangguan Urologi; Gangguan Kulit (Dermatologi); Penyakit Infeksi; Gangguan Onkologi (Kanker),6
10,10,Fakultas Ilmu Kesehatan,FIKES,10,Paku tanduk rusa,Platycerium bifurcatum (Cav.) C.Chr.,Polypodiaceae,Daun/ental (frond),Daun dikeringkan lalu diekstraksi dengan etanol; ekstrak dipartisi dengan air dan kloroform untuk uji antibakteri/antioksidan; ekstrak etanol diberikan secara oral pada model tikus ulkus lambung.,Tanaman Obat; Tanaman Estetik,2,Gangguan Kardiovaskular; Gangguan Sistem Pernapasan; Gangguan Sistem Pencernaan; Gangguan Ginekologi dan Obstetri; Penyakit Infeksi,5
11,11,Fakultas Ilmu Kesehatan,FIKES,11,Kelapa,Cocos nucifera L.,Arecaceae,"Akar; daun; bunga/perbungaan; buah (air kelapa/endosperma cair, daging/endosperma padat, santan, minyak, sabut/mesokarp, dan tempurung/endokarp).","Air dan daging buah digunakan segar; daging diperas menjadi santan; minyak diperoleh dari kopra/daging buah; akar, daun, bunga, sabut, tempurung, dan bagian buah dibuat sebagai dekokta atau ekstrak air, etanol, metanol, dan pelarut lain untuk pengujian; beberapa sediaan digunakan oral atau topikal sesuai literatur.",Tanaman Obat; Tanaman Estetik; Tanaman Toksik; Tanaman Buah dan Sayuran,4,Gangguan Kardiovaskular; Gangguan Sistem Pencernaan; Gangguan Ginjal; Gangguan Sistem Saraf; Gangguan Endokrin; Gangguan Reumatologi; Penyakit Infeksi; Gangguan Onkologi (Kanker),8
12,12,Fakultas Ilmu Kesehatan,FIKES,12,Soka,Ixora chinensis Lam.,Rubiaceae,Akar; batang; kulit batang; daun; bunga.,"Akar dibuat dekokta untuk keluhan lambung, masa setelah persalinan, dan keluhan bronkial; bunga dibuat dekokta atau infusa segar; akar, batang, daun, bunga, dan kulit batang digunakan sebagai ramuan tradisional. Daun dan kulit batang dikeringkan, diserbukkan, lalu dimaserasi dengan metanol; daun juga diekstraksi dengan metanol atau etanol untuk uji antibakteri dan antioksidan.",Tanaman Obat; Tanaman Estetik; Tanaman Buah dan Sayuran,3,Gangguan Kardiovaskular; Gangguan Sistem Pernapasan; Gangguan Sistem Pencernaan; Gangguan Ginekologi dan Obstetri; Gangguan Reumatologi; Gangguan Kulit (Dermatologi); Gangguan Hematologi; Penyakit Infeksi,8
13,4,Fakultas Ilmu Kesehatan,FIKES,13,Helikonia,Heliconia psittacorum L.f.,Heliconiaceae,Daun,"Daun dimaserasi dengan metanol; ekstrak kemudian dipartisi menjadi fraksi kloroform dan fraksi air untuk pengujian antiproliferatif, sitotoksik, dan antioksidan.",Tanaman Obat; Tanaman Estetik,2,Gangguan Onkologi (Kanker),1
14,13,Fakultas Ilmu Kesehatan,FIKES,14,Cemara kipas,Platycladus orientalis (L.) Franco,Cupressaceae,Daun; ranting muda; biji.,"Daun dan ranting digunakan sebagai dekokta, serbuk, atau bahan yang dikarbonisasi dalam penggunaan tradisional; penelitian menggunakan ekstrak air, etanol/metanol, minyak atsiri, fraksi flavonoid, serta isolasi senyawa. Biji digunakan dalam ramuan tradisional.",Tanaman Obat; Tanaman Estetik,2,Gangguan Kardiovaskular; Gangguan Sistem Saraf; Gangguan Psikiatri; Gangguan Ginekologi dan Obstetri; Gangguan Urologi; Gangguan Kulit (Dermatologi); Gangguan Hematologi; Penyakit Infeksi; Gangguan Onkologi (Kanker),9
15,14,Fakultas Ilmu Kesehatan,FIKES,15,Kembang sepatu gantung,Hibiscus schizopetalus (Mast.) Hook.f.,Malvaceae,Daun.,"Ekstrak daun diprofilkan menggunakan UPLC-ESI-MS/MS, kemudian ekstrak H. schizopetalus diformulasikan sebagai hidrogel dan nanogel 1% b/v dan digunakan secara topikal pada model eksisi luka tikus.",Tanaman Obat; Tanaman Estetik,2,Gangguan Kulit (Dermatologi),1
16,15,Fakultas Ilmu Kesehatan,FIKES,16,Bunga kana,Canna × hybrida Rodigas,Cannaceae,Belum ditemukan bagian terapeutik yang terverifikasi.,Belum ditemukan cara pengolahan terapeutik yang terverifikasi.,Tanaman Estetik,1,,0
17,16,Fakultas Ilmu Kesehatan,FIKES,17,Cemara laut,Casuarina equisetifolia L.,Casuarinaceae,Akar; kulit batang; ranting hijau/branchlets dan daun sisik; bunga/perbungaan; buah atau runjung; biji.,"Bagian tanaman digunakan sebagai rebusan/dekokta dalam laporan tradisional. Penelitian menggunakan ekstrak air, etanol, metanol, metanol 80%, serta fraksi pelarut; ekstrak buah metanol diuji antiartritis, ekstrak bagian vegetatif diuji antimikroba/sitotoksik, ekstrak diuji nefroprotektif secara oral, dan ekstrak etanol perbungaan diuji toksisitas akut.",Tanaman Obat; Tanaman Estetik,2,Gangguan Sistem Pernapasan; Gangguan Sistem Pencernaan; Gangguan Ginjal; Gangguan Sistem Saraf; Gangguan Endokrin; Gangguan Reumatologi; Gangguan Kulit (Dermatologi); Penyakit Infeksi; Gangguan Onkologi (Kanker),9
18,17,Fakultas Ilmu Kesehatan,FIKES,18,Bromelia raksasa,Alcantarea imperialis (Carrière) Harms,Bromeliaceae,Belum ditemukan bagian terapeutik yang terverifikasi.,Belum ditemukan cara pengolahan terapeutik yang terverifikasi.,Tanaman Estetik,1,,0
19,18,Fakultas Ilmu Kesehatan,FIKES,19,Gandarusa,Justicia gendarussa Burm.f.,Acanthaceae,Akar; batang dan batang muda; daun; bagian aerial.,"Daun, batang muda, akar, atau bagian aerial digunakan sebagai dekokta, infusa, perasan/juice, pasta, atau sediaan tradisional; penelitian menggunakan ekstrak air, etanol, metanol, kloroform, fraksi, dan senyawa terisolasi. Ekstrak atau senyawa diberikan oral maupun diuji in vitro sesuai desain penelitian.",Tanaman Obat; Tanaman Estetik,2,Gangguan Sistem Pernapasan; Gangguan Sistem Pencernaan; Gangguan Sistem Saraf; Gangguan Endokrin; Gangguan Urologi; Gangguan Imunologi; Gangguan Reumatologi; Gangguan Kulit (Dermatologi); Penyakit Infeksi; Gangguan Onkologi (Kanker),10
20,19,Fakultas Ilmu Kesehatan,FIKES,20,Bayam merah hias,Alternanthera brasiliana (L.) Kuntze,Amaranthaceae,Daun; batang; bagian aerial.,"Daun segar digunakan sebagai ekstrak air; daun, batang, dan bagian aerial dibuat sebagai infusa/dekokta atau ekstrak metanol, etanol, dan hidroalkohol. Ekstrak hidroalkohol diformulasikan dalam gel karbopol 20% untuk aplikasi topikal; ekstrak air-etanol daun diberikan secara oral pada uji nefroprotektif dan diuretik.",Tanaman Obat; Tanaman Estetik; Tanaman Buah dan Sayuran,3,Gangguan Sistem Pernapasan; Gangguan Sistem Pencernaan; Gangguan Ginjal; Gangguan Sistem Saraf; Gangguan Ginekologi dan Obstetri; Gangguan Urologi; Gangguan Kulit (Dermatologi); Penyakit Infeksi; Gangguan Onkologi (Kanker),9
21,20,Fakultas Ilmu Kesehatan,FIKES,21,Sambang dara,Phyllanthus nivosus W.Bull,Phyllanthaceae,Bagian aerial.,"Bagian aerial dimaserasi menggunakan metanol dan diklorometana; ekstrak digunakan dalam uji in vitro/ex vivo dan diberikan oral pada model diabetes tikus. Studi lain menggunakan ekstrak metanol dan campuran poliherbal, tetapi bagian tanaman tidak dinyatakan jelas pada metadata yang dapat diverifikasi.",Tanaman Obat; Tanaman Estetik,2,Gangguan Sistem Pernapasan; Gangguan Sistem Pencernaan; Gangguan Sistem Saraf; Gangguan Endokrin,4
22,21,Fakultas Ilmu Kesehatan,FIKES,22,Buas-buas,Premna serratifolia L.,Lamiaceae,Akar dan kulit akar; batang/kayu dan kulit batang; daun dan pucuk muda; bunga; buah.,"Daun muda dimasak sebagai sayuran; daun dibuat infusa, teh herbal, atau dekokta dan digunakan dalam formulasi herbal. Akar, kulit akar, kayu, daun, bunga, dan buah diteliti sebagai ekstrak air, etanol, metanol, hidroalkohol, etil asetat, dan fraksi n-heksana; sediaan pasta atau balur topikal juga dilaporkan.",Tanaman Obat; Tanaman Estetik; Tanaman Buah dan Sayuran,3,Gangguan Kardiovaskular; Gangguan Sistem Pernapasan; Gangguan Sistem Pencernaan; Gangguan Sistem Saraf; Gangguan Endokrin; Gangguan Ginekologi dan Obstetri; Gangguan Imunologi; Gangguan Reumatologi; Gangguan Kulit (Dermatologi); Penyakit Infeksi; Gangguan Onkologi (Kanker),11
23,106,Fakultas Ilmu Kesehatan,FIKES,23,Bunga kertas,Bougainvillea × buttiana Holttum & Standl.,Nyctaginaceae,Belum ditemukan bagian terapeutik yang terverifikasi.,Belum ditemukan cara pengolahan terapeutik yang terverifikasi.,Tanaman Estetik,1,,0
24,22,Fakultas Ilmu Kesehatan,FIKES,24,Dolar rambat,Ficus pumila L.,Moraceae,Akar; batang; daun; bunga/perbungaan dan reseptakel; buah semu; biji.,"Buah semu dimanfaatkan sebagai pangan dan bahan jeli/minuman. Akar, batang, daun, perbungaan, reseptakel, buah, dan biji dibuat sebagai rebusan atau ekstrak air, etanol 70–95%, metanol, dan fraksi pelarut; senyawa diisolasi dengan kromatografi untuk pengujian in vitro dan in vivo.",Tanaman Obat; Tanaman Estetik; Tanaman Toksik; Tanaman Buah dan Sayuran,4,Gangguan Kardiovaskular; Gangguan Sistem Pencernaan; Gangguan Ginjal; Gangguan Endokrin; Gangguan Imunologi; Penyakit Infeksi; Gangguan Onkologi (Kanker),7
25,266,Fakultas Ilmu Kesehatan,FIKES,25,Palem kuning,Chrysalidocarpus lutescens H.Wendl.,Arecaceae,Daun,Daun diekstraksi dengan etanol/alkohol dan dipisahkan secara kromatografi; ekstrak daun juga digunakan dalam sintesis hijau nanopartikel perak untuk uji antibakteri.,Tanaman Obat; Tanaman Estetik,2,Gangguan Sistem Pencernaan; Penyakit Infeksi,2
26,23,Fakultas Ilmu Kesehatan,FIKES,26,Kamboja merah,Plumeria rubra L.,Apocynaceae,Akar; kulit batang dan batang; daun; bunga; buah dan biji; getah/lateks.,"Bagian tanaman digunakan sebagai dekokta atau infusa, serbuk, tumbukan/pasta, dan aplikasi getah secara topikal dalam laporan etnomedis. Penelitian menggunakan ekstrak air, etanol, metanol, petroleum eter, kloroform, dan fraksi/isolat untuk uji farmakologi dan toksikologi.",Tanaman Obat; Tanaman Estetik; Tanaman Toksik; Tanaman Buah dan Sayuran,4,Gangguan Sistem Pencernaan; Gangguan Sistem Saraf; Gangguan Endokrin; Gangguan Imunologi; Gangguan Reumatologi; Gangguan Kulit (Dermatologi); Penyakit Infeksi; Gangguan Onkologi (Kanker),8
27,24,Fakultas Ilmu Kesehatan,FIKES,27,Palem waregu,Rhapis excelsa (Thunb.) A.Henry,Arecaceae,Daun.,Daun dikeringkan dan diekstraksi secara berurutan menggunakan beberapa pelarut dengan polaritas berbeda. Ekstrak kloroform diuji secara in vitro terhadap virus Chikungunya; ekstrak daun juga dipisahkan untuk analisis polifenol dan pengujian antimikroba.,Tanaman Obat; Tanaman Estetik,2,Penyakit Infeksi,1
28,25,Fakultas Ilmu Kesehatan,FIKES,28,Anggur muscadine,Vitis rotundifolia Michx.,Vitaceae,Buah/buah beri; kulit buah; biji; pomace (kulit dan biji sisa pengolahan); jus dan produk olahan buah.,"Buah dikonsumsi segar atau diolah menjadi jus, jeli, dan produk pangan. Kulit, biji, dan pomace diekstraksi dengan pelarut hidroalkohol atau air untuk memperoleh antosianin dan polifenol; ekstrak biji digunakan sebagai suplemen pada penelitian manusia.",Tanaman Obat; Tanaman Estetik; Tanaman Buah dan Sayuran,3,Gangguan Kardiovaskular; Gangguan Endokrin; Penyakit Infeksi; Gangguan Onkologi (Kanker),4
29,26,Fakultas Ilmu Kesehatan,FIKES,29,Dragon tree,Dracaena draco (L.) L.,Asparagaceae,Resin merah atau “dragon’s blood” yang keluar dari batang/trunk.,"Resin dari batang diekstraksi menggunakan aseton, kemudian dipisahkan dan dikarakterisasi secara fitokimia. Ekstrak dan senyawa resin diuji terhadap pembentukan biofilm Staphylococcus secara in vitro; penggunaan tradisional resin juga dirangkum dalam review.",Tanaman Obat; Tanaman Estetik,2,Gangguan Kulit (Dermatologi); Penyakit Infeksi,2
30,27,Fakultas Ilmu Kesehatan,FIKES,30,Lidah mertua,Dracaena trifasciata (Prain) Mabb.,Asparagaceae,Daun; rimpang; akar.,"Daun, rimpang, dan akar digunakan sebagai perasan, rebusan/dekokta, infusa, atau pasta/balur dalam laporan tradisional. Penelitian menggunakan ekstrak air, etanol, metanol, n-heksana, kloroform, dan fraksi pelarut yang diberikan secara oral atau topikal maupun diuji in vitro.",Tanaman Obat; Tanaman Estetik; Tanaman Toksik,3,Gangguan Sistem Pernapasan; Gangguan Sistem Pencernaan; Gangguan Sistem Saraf; Gangguan Endokrin; Gangguan Urologi; Gangguan Imunologi; Gangguan Reumatologi; Gangguan Kulit (Dermatologi); Penyakit Infeksi,9
31,28,Fakultas Ilmu Kesehatan,FIKES,31,Bromelia,Neoregelia farinosa (Ule) L.B.Sm.,Bromeliaceae,Belum ditemukan bagian terapeutik yang terverifikasi.,Belum ditemukan cara pengolahan terapeutik yang terverifikasi.,Tanaman Estetik,1,,0
32,29,Fakultas Ilmu Kesehatan,FIKES,32,Rumput paitan,Axonopus compressus (Sw.) P.Beauv.,Poaceae,Daun; seluruh bagian tanaman.,"Daun dimaserasi dengan metanol dan ekstraknya diberikan secara oral pada tikus diabetes. Seluruh tanaman dikeringkan, diserbukkan, lalu diekstraksi menggunakan Soxhlet secara berturut-turut dengan n-heksana, kloroform, dan metanol untuk skrining fitokimia dan uji antimikroba.",Tanaman Obat; Tanaman Estetik,2,Gangguan Endokrin; Penyakit Infeksi,2
33,30,Fakultas Ilmu Kesehatan,FIKES,33,Jambu biji,Psidium guajava L.,Myrtaceae,Akar; kulit batang dan batang; daun; bunga; buah dan kulit buah; biji.,"Buah dikonsumsi segar atau sebagai jus/pangan olahan. Daun, akar, dan kulit batang dibuat infusa atau dekokta; penelitian menggunakan ekstrak air, etanol, metanol, hidroalkohol, minyak atsiri, fraksi, dan senyawa terisolasi untuk penggunaan oral, topikal, serta pengujian in vitro dan in vivo.",Tanaman Obat; Tanaman Estetik; Tanaman Toksik; Tanaman Buah dan Sayuran,4,Gangguan Kardiovaskular; Gangguan Sistem Pencernaan; Gangguan Sistem Saraf; Gangguan Endokrin; Gangguan Urologi; Gangguan Imunologi; Gangguan Reumatologi; Gangguan Kulit (Dermatologi); Penyakit Infeksi; Gangguan Onkologi (Kanker),10
34,31,Fakultas Ilmu Kesehatan,FIKES,34,Jeruk pahit,Citrus × aurantium L.,Rutaceae,Buah dan daging buah; sari/jus; kulit buah (flavedo dan albedo); bunga; daun; biji.,"Buah dikonsumsi segar atau diolah menjadi jus, marmalade, dan produk pangan. Kulit, bunga, dan daun dibuat infusa atau dekokta; minyak atsiri diperoleh melalui distilasi uap/hidrodistilasi. Penelitian menggunakan ekstrak air, etanol, metanol, hidroalkohol, serta teknik ekstraksi modern dan fraksinasi.",Tanaman Obat; Tanaman Estetik; Tanaman Toksik; Tanaman Buah dan Sayuran,4,Gangguan Kardiovaskular; Gangguan Sistem Pencernaan; Gangguan Psikiatri; Gangguan Endokrin; Gangguan Imunologi; Penyakit Infeksi; Gangguan Onkologi (Kanker),7
35,32,Fakultas Ilmu Kesehatan,FIKES,35,Jarak kepyar,Ricinus communis L.,Euphorbiaceae,Akar; batang dan kulit batang; daun; bunga; buah; biji; minyak biji.,"Akar, kulit batang, dan daun digunakan sebagai dekokta, perasan, pasta, atau ekstrak air, etanol, metanol, dan hidroalkohol. Minyak jarak diperoleh melalui pengepresan dan pemurnian biji. Biji utuh tidak digunakan langsung karena mengandung toksin berbahaya; penelitian memakai ekstrak, fraksi, minyak, atau senyawa terisolasi.",Tanaman Obat; Tanaman Estetik; Tanaman Toksik,3,Gangguan Sistem Pencernaan; Gangguan Sistem Saraf; Gangguan Endokrin; Gangguan Ginekologi dan Obstetri; Gangguan Imunologi; Gangguan Reumatologi; Gangguan Kulit (Dermatologi); Penyakit Infeksi; Gangguan Onkologi (Kanker),9
36,33,Fakultas Ilmu Kesehatan,FIKES,36,Katuk hias,Phyllanthus androgynus (L.) Chakrab. & N.P.Balakr.,Phyllanthaceae,Daun dan pucuk muda; batang muda; akar.,"Daun dan pucuk muda dimasak sebagai sayuran atau sup; penggunaan tradisional juga mencakup infusa/dekokta dan perasan. Penelitian menggunakan ekstrak air, etanol, metanol, dan fraksi/isolat. Konsumsi daun mentah dalam jumlah besar atau sebagai jus pekat memerlukan kehati-hatian.",Tanaman Obat; Tanaman Estetik; Tanaman Toksik; Tanaman Buah dan Sayuran,4,Gangguan Sistem Pernapasan; Gangguan Endokrin; Gangguan Ginekologi dan Obstetri; Gangguan Imunologi; Penyakit Infeksi,5
37,34,Fakultas Ilmu Kesehatan,FIKES,37,Podokarpus,Podocarpus macrophyllus (Thunb.) Sweet,Podocarpaceae,Daun dan bagian aerial; batang dan kulit batang.,"Bagian aerial/daun dikeringkan dan dimaserasi dengan metanol, kemudian diprofilkan menggunakan GC–MS, HPLC, dan analisis metabolomik. Ekstrak difraksinasi dan senyawa diterpenoid diisolasi dengan kromatografi untuk pengujian antimikroba, antiproliferatif, dan antiinflamasi in vitro.",Tanaman Obat; Tanaman Estetik,2,Gangguan Sistem Pencernaan; Gangguan Imunologi; Penyakit Infeksi; Gangguan Onkologi (Kanker),4
38,35,Fakultas Ilmu Kesehatan,FIKES,38,Cemara norfolk,Araucaria columnaris (G.Forst.) Hook.,Araucariaceae,Belum ditemukan bagian terapeutik yang terverifikasi.,Belum ditemukan cara pengolahan terapeutik yang terverifikasi.,Tanaman Estetik,1,,0
39,36,Fakultas Ilmu Kesehatan,FIKES,39,Bisbul,Diospyros blancoi A.DC.,Ebenaceae,"Buah, terutama daging buah dan bahan buah utuh untuk ekstraksi.","Buah dikonsumsi sebagai pangan. Untuk penelitian, buah dimaserasi dengan metanol; ekstrak kemudian dipartisi menjadi fraksi petroleum eter, kloroform, dan karbon tetraklorida serta digunakan untuk isolasi stigmasterol, lupeol, dan asam betulinat.",Tanaman Obat; Tanaman Estetik; Tanaman Buah dan Sayuran,3,Gangguan Sistem Pencernaan; Gangguan Sistem Saraf; Gangguan Endokrin,3
40,37,Fakultas Ilmu Kesehatan,FIKES,40,Tin,Ficus carica L.,Moraceae,Akar; batang dan kulit batang; daun; tunas; buah semu/sikonium dan kulit buah; biji; getah/lateks.,"Buah dikonsumsi segar atau dikeringkan dan diolah sebagai pangan. Daun, akar, tunas, dan kulit batang dibuat infusa/dekokta atau diekstraksi dengan air, etanol, metanol, dan hidroalkohol. Lateks digunakan secara topikal dalam penggunaan tradisional; minyak biji dan fraksi/isolat juga diteliti.",Tanaman Obat; Tanaman Estetik; Tanaman Toksik; Tanaman Buah dan Sayuran,4,Gangguan Kardiovaskular; Gangguan Sistem Pencernaan; Gangguan Sistem Saraf; Gangguan Psikiatri; Gangguan Endokrin; Gangguan Imunologi; Gangguan Reumatologi; Gangguan Kulit (Dermatologi); Penyakit Infeksi; Gangguan Onkologi (Kanker),10
41,38,Fakultas Ilmu Kesehatan,FIKES,41,Tembelekan,Lantana canescens Kunth,Verbenaceae,"Bagian aerial, terutama daun, batang, dan bunga.","Bagian aerial dikeringkan dan digiling, kemudian diekstraksi menggunakan pelarut hidroetanol. Ekstrak dikarakterisasi secara kimia dan diberikan secara oral pada model tikus/mencit untuk menilai inflamasi, hiperalgesia, dan nosisepsi.",Tanaman Obat; Tanaman Estetik,2,Gangguan Sistem Saraf; Gangguan Imunologi; Gangguan Reumatologi,3
42,39,Fakultas Ilmu Kesehatan,FIKES,42,Podokarpus,Podocarpus macrophyllus (Thunb.) Sweet,Podocarpaceae,Daun dan bagian aerial; batang dan kulit batang.,"Bagian aerial/daun dikeringkan dan dimaserasi dengan metanol, kemudian diprofilkan menggunakan GC–MS, HPLC, dan analisis metabolomik. Ekstrak difraksinasi dan senyawa diterpenoid diisolasi dengan kromatografi untuk pengujian antimikroba, antiproliferatif, dan antiinflamasi in vitro.",Tanaman Obat; Tanaman Estetik,2,Gangguan Sistem Pencernaan; Gangguan Imunologi; Penyakit Infeksi; Gangguan Onkologi (Kanker),4
43,40,Fakultas Ilmu Kesehatan,FIKES,43,Tabebuya kuning,Tabebuia aurea (Silva Manso) Benth. & Hook.f. ex S.Moore,Bignoniaceae,Kulit batang bagian dalam dan kulit batang.,"Kulit batang digunakan sebagai infusa, maserasi beralkohol, atau bahan yang dikunyah dalam penggunaan tradisional. Penelitian menggunakan ekstrak hidroetanol kulit batang dan pemberian oral maupun pengujian in vitro untuk menilai efek inflamasi, kerusakan otot, dan perdarahan akibat bisa ular.",Tanaman Obat; Tanaman Estetik,2,Gangguan Imunologi; Gangguan Reumatologi; Gangguan Hematologi,3
44,256,Fakultas Ilmu Kesehatan,FIKES,44,Tembelekan,Lantana canescens Kunth,Verbenaceae,"Bagian aerial, terutama daun, batang, dan bunga.","Bagian aerial dikeringkan dan digiling, kemudian diekstraksi menggunakan pelarut hidroetanol. Ekstrak dikarakterisasi secara kimia dan diberikan secara oral pada model tikus/mencit untuk menilai inflamasi, hiperalgesia, dan nosisepsi.",Tanaman Obat; Tanaman Estetik,2,Gangguan Sistem Saraf; Gangguan Imunologi; Gangguan Reumatologi,3
45,41,Fakultas Ilmu Kesehatan,FIKES,45,Cabai habanero/cabai cina,Capsicum chinense Jacq.,Solanaceae,Buah; perikarp/daging buah; plasenta; biji.,"Buah dikonsumsi segar, dimasak, dikeringkan, atau digiling sebagai bumbu dan pangan. Penelitian menggunakan ekstrak buah serta isolasi/kuantifikasi kapsaisin; ekstrak dan senyawa diuji terhadap α-glukosidase, α-amilase, kandungan fenolik/flavonoid, dan aktivitas antioksidan.",Tanaman Obat; Tanaman Estetik; Tanaman Buah dan Sayuran,3,Gangguan Endokrin,1
46,42,Fakultas Ilmu Kesehatan,FIKES,46,Terong-terongan liar,Solanum erianthum D.Don,Solanaceae,Akar; batang; daun; buah.,"Akar, batang, daun, dan buah dikeringkan, diserbukkan, lalu diekstraksi bertahap menggunakan air, petroleum eter, kloroform, dan metanol. Ekstrak digunakan untuk skrining fitokimia, uji antioksidan, antibakteri, antijamur, dan uji analgesik pada hewan.",Tanaman Obat; Tanaman Estetik; Tanaman Toksik; Tanaman Buah dan Sayuran,4,Gangguan Sistem Saraf; Penyakit Infeksi,2
47,43,Fakultas Ilmu Kesehatan,FIKES,47,Alpukat,Persea americana Mill.,Lauraceae,Akar; kulit batang dan batang; daun; bunga; buah dan kulit buah; biji.,"Buah dikonsumsi segar atau sebagai pangan olahan. Daun, akar, dan kulit batang digunakan sebagai infusa/dekokta; daun, biji, kulit buah, dan bagian lain diekstraksi dengan air, etanol, metanol, hidroalkohol, atau pelarut lain untuk uji farmakologi. Minyak buah/biji dan fraksi/isolat juga dilaporkan.",Tanaman Obat; Tanaman Estetik; Tanaman Toksik; Tanaman Buah dan Sayuran,4,Gangguan Kardiovaskular; Gangguan Sistem Pencernaan; Gangguan Ginjal; Gangguan Sistem Saraf; Gangguan Endokrin; Gangguan Urologi; Gangguan Reumatologi; Gangguan Kulit (Dermatologi); Penyakit Infeksi; Gangguan Onkologi (Kanker),10
48,44,Fakultas Ilmu Kesehatan,FIKES,48,Pepaya,Carica papaya L.,Caricaceae,Akar; batang dan kulit batang; daun; bunga; buah matang dan mentah; kulit buah; biji; getah/lateks dan papain.,"Buah matang dikonsumsi segar, dibuat jus, atau diolah sebagai pangan; buah muda dimasak. Daun, akar, dan kulit batang dibuat infusa/dekokta atau perasan. Penelitian menggunakan ekstrak air, etanol, metanol, hidroalkohol, minyak biji, lateks/papain, fraksi, dan nanopartikel berbasis ekstrak.",Tanaman Obat; Tanaman Estetik; Tanaman Toksik; Tanaman Buah dan Sayuran,4,Gangguan Kardiovaskular; Gangguan Sistem Pencernaan; Gangguan Endokrin; Gangguan Imunologi; Gangguan Reumatologi; Gangguan Kulit (Dermatologi); Gangguan Hematologi; Penyakit Infeksi; Gangguan Onkologi (Kanker),9
49,45,Fakultas Ilmu Kesehatan,FIKES,49,Kersen,Muntingia calabura L.,Muntingiaceae,Akar; kulit batang dan batang; daun; bunga; buah.,"Buah dikonsumsi segar atau diolah sebagai selai/pangan. Daun, akar, bunga, dan kulit batang dibuat infusa/dekokta, teh, atau sediaan tradisional. Penelitian menggunakan ekstrak air, etanol, metanol, petroleum eter, kloroform, dan fraksi/isolat untuk uji in vitro dan in vivo.",Tanaman Obat; Tanaman Estetik; Tanaman Buah dan Sayuran,3,Gangguan Kardiovaskular; Gangguan Sistem Pencernaan; Gangguan Sistem Saraf; Gangguan Endokrin; Gangguan Imunologi; Gangguan Reumatologi; Penyakit Infeksi; Gangguan Onkologi (Kanker),8
50,46,Fakultas Ilmu Kesehatan,FIKES,50,Bloodberry,Rivina humilis L.,Petiveriaceae,Belum ditemukan bagian terapeutik yang terverifikasi.,Belum ditemukan cara pengolahan terapeutik yang terverifikasi.,Tanaman Estetik; Tanaman Toksik; Tanaman Buah dan Sayuran,3,,0
51,47,Fakultas Ilmu Kesehatan,FIKES,51,Walisongo kerdil,Heptapleurum arboricola Hayata,Araliaceae,Daun dan sediaan tablet berbasis bahan Schefflera arboricola; getah/daun sebagai sumber paparan toksik.,Tablet berbasis Schefflera arboricola diberikan secara oral pada tikus dengan neuropati diabetik yang diinduksi streptozotosin. Daun dan getah tidak direkomendasikan untuk konsumsi langsung karena kristal kalsium oksalat dapat mengiritasi jaringan mulut dan kulit.,Tanaman Obat; Tanaman Estetik; Tanaman Toksik,3,Gangguan Sistem Saraf; Gangguan Endokrin; Gangguan Imunologi,3
52,48,Fakultas Ilmu Kesehatan,FIKES,52,Jengger ayam,Celosia argentea L.,Amaranthaceae,Akar; batang; daun dan pucuk muda; bunga/perbungaan; biji.,"Daun dan pucuk muda dimasak sebagai sayuran. Biji, daun, bunga, akar, dan seluruh tanaman dibuat dekokta, infusa, serbuk, atau ekstrak air, etanol, metanol, petroleum eter, dan fraksi pelarut untuk penggunaan tradisional dan pengujian farmakologi.",Tanaman Obat; Tanaman Estetik; Tanaman Toksik; Tanaman Buah dan Sayuran,4,Gangguan Kardiovaskular; Gangguan Sistem Pencernaan; Gangguan Endokrin; Gangguan Imunologi; Gangguan Mata (Oftalmologi); Gangguan Onkologi (Kanker),6
53,49,Fakultas Ilmu Kesehatan,FIKES,53,Ginje/oleander kuning,Cascabela thevetia (L.) Lippold,Apocynaceae,Belum ditemukan bagian terapeutik yang terverifikasi.,Belum ditemukan cara pengolahan terapeutik yang terverifikasi.,Tanaman Estetik; Tanaman Toksik,2,,0
54,50,Fakultas Ilmu Kesehatan,FIKES,54,Palem merah,Cyrtostachys renda Blume,Arecaceae,Belum ditemukan bagian terapeutik yang terverifikasi.,Belum ditemukan cara pengolahan terapeutik yang terverifikasi.,Tanaman Estetik,1,,0
55,51,Fakultas Kedokteran,FK,1,Bintaro laut,Cerbera odollam Gaertn.,Apocynaceae,Belum ditemukan bagian terapeutik yang terverifikasi.,Belum ditemukan cara pengolahan terapeutik yang terverifikasi.,Tanaman Estetik; Tanaman Toksik,2,,0
56,52,Fakultas Kedokteran,FK,2,Sirih gading,Epipremnum pinnatum (L.) Engl.,Araceae,"Buah: kulit, bagian tengah/core, dan biji/kernel; daun dan batang/getah sebagai sumber paparan kalsium oksalat.","Bagian buah dikeringkan dan diekstraksi untuk skrining fitokimia, uji antioksidan, penghambatan melanogenesis, toksisitas embrio ikan zebra, dan antibakteri. Daun atau batang tidak direkomendasikan untuk dikonsumsi langsung karena kristal kalsium oksalat dapat menyebabkan iritasi mulut, saluran cerna, dan kulit.",Tanaman Obat; Tanaman Estetik; Tanaman Toksik; Tanaman Buah dan Sayuran,4,Gangguan Sistem Pencernaan; Gangguan Kulit (Dermatologi),2
57,53,Fakultas Kedokteran,FK,3,Bintaro laut,Cerbera odollam Gaertn.,Apocynaceae,Belum ditemukan bagian terapeutik yang terverifikasi.,Belum ditemukan cara pengolahan terapeutik yang terverifikasi.,Tanaman Estetik; Tanaman Toksik,2,,0
58,54,Fakultas Kedokteran,FK,4,Tanjung,Mimusops elengi L.,Sapotaceae,Akar; kulit batang dan batang; daun; bunga; buah; biji.,"Kulit batang, daun, bunga, akar, buah, dan biji digunakan sebagai dekokta, infusa, serbuk, pasta atau bahan yang dikunyah dalam penggunaan tradisional. Penelitian menggunakan ekstrak air, etanol, metanol, petroleum eter, kloroform, dan fraksi/isolat untuk pengujian in vitro dan in vivo.",Tanaman Obat; Tanaman Estetik; Tanaman Buah dan Sayuran,3,Gangguan Kardiovaskular; Gangguan Sistem Pencernaan; Gangguan Sistem Saraf; Gangguan Endokrin; Gangguan Urologi; Gangguan Imunologi; Gangguan Reumatologi; Gangguan Kulit (Dermatologi); Penyakit Infeksi; Gangguan Onkologi (Kanker),10
59,54,Fakultas Kedokteran,FK,5,Tanjung,Mimusops elengi L.,Sapotaceae,Akar; kulit batang dan batang; daun; bunga; buah; biji.,"Kulit batang, daun, bunga, akar, buah, dan biji digunakan sebagai dekokta, infusa, serbuk, pasta atau bahan yang dikunyah dalam penggunaan tradisional. Penelitian menggunakan ekstrak air, etanol, metanol, petroleum eter, kloroform, dan fraksi/isolat untuk pengujian in vitro dan in vivo.",Tanaman Obat; Tanaman Estetik; Tanaman Buah dan Sayuran,3,Gangguan Kardiovaskular; Gangguan Sistem Pencernaan; Gangguan Sistem Saraf; Gangguan Endokrin; Gangguan Urologi; Gangguan Imunologi; Gangguan Reumatologi; Gangguan Kulit (Dermatologi); Penyakit Infeksi; Gangguan Onkologi (Kanker),10
60,54,Fakultas Kedokteran,FK,6,Tanjung,Mimusops elengi L.,Sapotaceae,Akar; kulit batang dan batang; daun; bunga; buah; biji.,"Kulit batang, daun, bunga, akar, buah, dan biji digunakan sebagai dekokta, infusa, serbuk, pasta atau bahan yang dikunyah dalam penggunaan tradisional. Penelitian menggunakan ekstrak air, etanol, metanol, petroleum eter, kloroform, dan fraksi/isolat untuk pengujian in vitro dan in vivo.",Tanaman Obat; Tanaman Estetik; Tanaman Buah dan Sayuran,3,Gangguan Kardiovaskular; Gangguan Sistem Pencernaan; Gangguan Sistem Saraf; Gangguan Endokrin; Gangguan Urologi; Gangguan Imunologi; Gangguan Reumatologi; Gangguan Kulit (Dermatologi); Penyakit Infeksi; Gangguan Onkologi (Kanker),10
61,55,Fakultas Kedokteran,FK,7,Mangga,Mangifera indica L.,Anacardiaceae,Akar; kulit batang; daun; bunga; buah dan daging buah; kulit buah; biji/kernel; getah/lateks.,"Buah dikonsumsi segar atau sebagai jus dan produk pangan. Daun, kulit batang, kulit buah, akar, bunga, dan kernel dibuat infusa/dekokta atau diekstraksi dengan air, etanol, metanol, hidroalkohol, dan pelarut lain. Fraksi, mangiferin, polifenol, serta produk seperti ekstrak kulit batang juga diteliti.",Tanaman Obat; Tanaman Estetik; Tanaman Toksik; Tanaman Buah dan Sayuran,4,Gangguan Kardiovaskular; Gangguan Sistem Pencernaan; Gangguan Endokrin; Gangguan Imunologi; Gangguan Reumatologi; Gangguan Kulit (Dermatologi); Penyakit Infeksi; Gangguan Onkologi (Kanker),8
62,53,Fakultas Kedokteran,FK,8,Bintaro laut,Cerbera odollam Gaertn.,Apocynaceae,Belum ditemukan bagian terapeutik yang terverifikasi.,Belum ditemukan cara pengolahan terapeutik yang terverifikasi.,Tanaman Estetik; Tanaman Toksik,2,,0
63,56,Fakultas Kedokteran,FK,9,Gaharu,Aquilaria crassna Pierre ex Lecomte,Thymelaeaceae,Daun; kayu gaharu/resin dan minyak gaharu.,"Daun dikeringkan lalu dimaserasi menggunakan etanol atau diekstraksi dengan etil asetat. Ekstrak daun diberikan pada model hewan atau diuji pada sel saraf, nematoda, makrofag, dan bakteri. Kayu gaharu/resin digunakan sebagai bahan aromatik dan minyak diperoleh melalui distilasi.",Tanaman Obat; Tanaman Estetik,2,Gangguan Sistem Saraf; Gangguan Imunologi; Penyakit Infeksi,3
64,57,Fakultas Kedokteran,FK,10,Biola cantik,Ficus lyrata Warb.,Moraceae,Kulit batang; buah dalam catatan penggunaan pangan.,"Kulit batang dikeringkan dan dibuat ekstrak yang diberikan secara oral pada tikus dengan penyakit hati berlemak akibat diet tinggi lemak. Buah tercatat sebagai bahan pangan dalam basis data penggunaan, tetapi tidak digunakan sebagai dasar aktivitas farmakologi studi kulit batang.",Tanaman Obat; Tanaman Estetik; Tanaman Buah dan Sayuran,3,Gangguan Kardiovaskular; Gangguan Sistem Pencernaan; Gangguan Endokrin; Gangguan Imunologi,4
65,54,Fakultas Kedokteran,FK,11,Tanjung,Mimusops elengi L.,Sapotaceae,Akar; kulit batang dan batang; daun; bunga; buah; biji.,"Kulit batang, daun, bunga, akar, buah, dan biji digunakan sebagai dekokta, infusa, serbuk, pasta atau bahan yang dikunyah dalam penggunaan tradisional. Penelitian menggunakan ekstrak air, etanol, metanol, petroleum eter, kloroform, dan fraksi/isolat untuk pengujian in vitro dan in vivo.",Tanaman Obat; Tanaman Estetik; Tanaman Buah dan Sayuran,3,Gangguan Kardiovaskular; Gangguan Sistem Pencernaan; Gangguan Sistem Saraf; Gangguan Endokrin; Gangguan Urologi; Gangguan Imunologi; Gangguan Reumatologi; Gangguan Kulit (Dermatologi); Penyakit Infeksi; Gangguan Onkologi (Kanker),10
66,58,Fakultas Kedokteran,FK,12,Cemara laut,Casuarina equisetifolia L.,Casuarinaceae,Akar; kulit batang; ranting hijau/branchlets dan daun sisik; bunga/perbungaan; buah atau runjung; biji.,"Bagian tanaman digunakan sebagai rebusan/dekokta dalam laporan tradisional. Penelitian menggunakan ekstrak air, etanol, metanol, metanol 80%, serta fraksi pelarut; ekstrak buah metanol diuji antiartritis, ekstrak bagian vegetatif diuji antimikroba/sitotoksik, ekstrak diuji nefroprotektif secara oral, dan ekstrak etanol perbungaan diuji toksisitas akut.",Tanaman Obat; Tanaman Estetik,2,Gangguan Sistem Pernapasan; Gangguan Sistem Pencernaan; Gangguan Ginjal; Gangguan Sistem Saraf; Gangguan Endokrin; Gangguan Reumatologi; Gangguan Kulit (Dermatologi); Penyakit Infeksi; Gangguan Onkologi (Kanker),9
67,59,Fakultas Kedokteran,FK,13,Palem,Ptychosperma propinquum (Becc.) Martelli,Arecaceae,Belum ditemukan bagian terapeutik yang terverifikasi.,Belum ditemukan cara pengolahan terapeutik yang terverifikasi.,Tanaman Estetik; Tanaman Toksik; Tanaman Buah dan Sayuran,3,,0
68,60,Fakultas Kedokteran,FK,14,Kelapa,Cocos nucifera L.,Arecaceae,"Akar; daun; bunga/perbungaan; buah (air kelapa/endosperma cair, daging/endosperma padat, santan, minyak, sabut/mesokarp, dan tempurung/endokarp).","Air dan daging buah digunakan segar; daging diperas menjadi santan; minyak diperoleh dari kopra/daging buah; akar, daun, bunga, sabut, tempurung, dan bagian buah dibuat sebagai dekokta atau ekstrak air, etanol, metanol, dan pelarut lain untuk pengujian; beberapa sediaan digunakan oral atau topikal sesuai literatur.",Tanaman Obat; Tanaman Estetik; Tanaman Toksik; Tanaman Buah dan Sayuran,4,Gangguan Kardiovaskular; Gangguan Sistem Pencernaan; Gangguan Ginjal; Gangguan Sistem Saraf; Gangguan Endokrin; Gangguan Reumatologi; Penyakit Infeksi; Gangguan Onkologi (Kanker),8
69,61,Fakultas Kedokteran,FK,15,Maja/bila,Crescentia cujete L.,Bignoniaceae,"Akar; kulit batang dan batang; daun; bunga; buah, kulit buah, daging buah, dan biji.","Buah dan bagian vegetatif dibuat dekokta, infusa, sirup, atau ekstrak air, etanol, metanol, petroleum eter, dan fraksi pelarut. Penelitian mencakup ekstrak daun, kulit batang, kulit/daging buah, biji, senyawa terisolasi, serta formulasi topikal dan pemberian oral pada model hewan.",Tanaman Obat; Tanaman Estetik; Tanaman Toksik; Tanaman Buah dan Sayuran,4,Gangguan Kardiovaskular; Gangguan Sistem Pernapasan; Gangguan Sistem Pencernaan; Gangguan Endokrin; Gangguan Ginekologi dan Obstetri; Gangguan Imunologi; Gangguan Reumatologi; Gangguan Kulit (Dermatologi); Penyakit Infeksi; Gangguan Onkologi (Kanker),10
70,61,Fakultas Kedokteran,FK,16,Maja/bila,Crescentia cujete L.,Bignoniaceae,"Akar; kulit batang dan batang; daun; bunga; buah, kulit buah, daging buah, dan biji.","Buah dan bagian vegetatif dibuat dekokta, infusa, sirup, atau ekstrak air, etanol, metanol, petroleum eter, dan fraksi pelarut. Penelitian mencakup ekstrak daun, kulit batang, kulit/daging buah, biji, senyawa terisolasi, serta formulasi topikal dan pemberian oral pada model hewan.",Tanaman Obat; Tanaman Estetik; Tanaman Toksik; Tanaman Buah dan Sayuran,4,Gangguan Kardiovaskular; Gangguan Sistem Pernapasan; Gangguan Sistem Pencernaan; Gangguan Endokrin; Gangguan Ginekologi dan Obstetri; Gangguan Imunologi; Gangguan Reumatologi; Gangguan Kulit (Dermatologi); Penyakit Infeksi; Gangguan Onkologi (Kanker),10
71,62,Fakultas Kedokteran,FK,17,Newbouldia,Newbouldia laevis (P.Beauv.) Seem. ex Bureau,Bignoniaceae,Daun; akar.,"Daun dan akar dikeringkan, diserbukkan, lalu dimaserasi menggunakan metanol. Ekstrak digunakan untuk karakterisasi farmakognostik dan diberikan pada tikus/mencit dalam uji analgesik, antiinflamasi, dan antikonvulsan.",Tanaman Obat; Tanaman Estetik,2,Gangguan Sistem Saraf; Gangguan Imunologi; Gangguan Reumatologi,3
72,62,Fakultas Kedokteran,FK,18,Newbouldia,Newbouldia laevis (P.Beauv.) Seem. ex Bureau,Bignoniaceae,Daun; akar.,"Daun dan akar dikeringkan, diserbukkan, lalu dimaserasi menggunakan metanol. Ekstrak digunakan untuk karakterisasi farmakognostik dan diberikan pada tikus/mencit dalam uji analgesik, antiinflamasi, dan antikonvulsan.",Tanaman Obat; Tanaman Estetik,2,Gangguan Sistem Saraf; Gangguan Imunologi; Gangguan Reumatologi,3
73,284,Fakultas Kedokteran,FK,19,Sawo,Manilkara zapota (L.) P.Royen,Sapotaceae,Buah dan daging buah; kulit buah; biji; daun; kulit batang; lateks.,"Buah matang dikonsumsi segar atau diolah sebagai pangan. Biji, daun, dan kulit batang digunakan secara tradisional sebagai rebusan atau sediaan lain. Penelitian memakai ekstrak air, etanol, metanol, petroleum eter, fraksi, serta uji in vitro dan model hewan.",Tanaman Obat; Tanaman Estetik; Tanaman Buah dan Sayuran,3,Gangguan Kardiovaskular; Gangguan Sistem Pernapasan; Gangguan Sistem Pencernaan; Gangguan Ginjal; Gangguan Sistem Saraf; Gangguan Endokrin; Gangguan Imunologi; Gangguan Reumatologi; Gangguan Kulit (Dermatologi); Penyakit Infeksi; Gangguan Onkologi (Kanker),11
74,63,Fakultas Kedokteran,FK,20,Jambu mawar,Syzygium jambos (L.) Alston,Myrtaceae,Akar; batang dan kulit batang; daun; bunga; buah/daging buah; biji.,"Buah dikonsumsi segar atau diolah sebagai pangan. Daun, kulit batang, akar, bunga, dan biji digunakan sebagai infusa/dekokta atau diekstraksi dengan air, etanol, metanol, aseton, hidroalkohol, n-heksana, dan diklorometana. Ekstrak, fraksi, nanopartikel, dan senyawa terisolasi diuji in vitro serta in vivo.",Tanaman Obat; Tanaman Estetik; Tanaman Toksik; Tanaman Buah dan Sayuran,4,Gangguan Sistem Pencernaan; Gangguan Sistem Saraf; Gangguan Endokrin; Gangguan Urologi; Gangguan Imunologi; Gangguan Reumatologi; Penyakit Infeksi; Gangguan Onkologi (Kanker),8
75,63,Fakultas Kedokteran,FK,21,Jambu mawar,Syzygium jambos (L.) Alston,Myrtaceae,Akar; batang dan kulit batang; daun; bunga; buah/daging buah; biji.,"Buah dikonsumsi segar atau diolah sebagai pangan. Daun, kulit batang, akar, bunga, dan biji digunakan sebagai infusa/dekokta atau diekstraksi dengan air, etanol, metanol, aseton, hidroalkohol, n-heksana, dan diklorometana. Ekstrak, fraksi, nanopartikel, dan senyawa terisolasi diuji in vitro serta in vivo.",Tanaman Obat; Tanaman Estetik; Tanaman Toksik; Tanaman Buah dan Sayuran,4,Gangguan Sistem Pencernaan; Gangguan Sistem Saraf; Gangguan Endokrin; Gangguan Urologi; Gangguan Imunologi; Gangguan Reumatologi; Penyakit Infeksi; Gangguan Onkologi (Kanker),8
76,64,Fakultas Kedokteran,FK,22,Ara,Ficus callosa Willd.,Moraceae,Belum ditemukan bagian terapeutik yang terverifikasi.,Belum ditemukan cara pengolahan terapeutik yang terverifikasi.,Tanaman Estetik,1,,0
77,65,Fakultas Kedokteran,FK,23,Rambutan,Nephelium lappaceum L.,Sapindaceae,Daging buah/aril; kulit buah/perikarp; biji.,"Daging buah matang dikonsumsi segar sebagai pangan. Kulit buah dikeringkan dan diserbukkan, lalu diekstraksi menggunakan air, etanol, metanol, atau campuran pelarut; ekstrak diberikan oral pada model hewan atau diuji in vitro. Ekstrak kulit dan geraniin juga diformulasikan untuk pengujian topikal pada iritasi kulit; metode penelitian ini bukan anjuran penggunaan mandiri.",Tanaman Obat; Tanaman Estetik; Tanaman Buah dan Sayuran,3,Gangguan Kardiovaskular; Gangguan Endokrin; Gangguan Imunologi; Gangguan Kulit (Dermatologi); Penyakit Infeksi,5
78,66,Fakultas Kedokteran,FK,24,Gaharu cina,Aquilaria sinensis (Lour.) Spreng.,Thymelaeaceae,Daun; kayu gaharu/resin; minyak atsiri.,"Daun dikeringkan lalu dibuat ekstrak air, aseton, etanol, atau fraksi pelarut; ekstrak diberikan oral pada model hewan untuk efek laksatif, antinosiseptif, dan antiinflamasi, atau difraksinasi/diisolasi untuk uji enzim α-glukosidase. Kayu berresin digunakan sebagai gaharu dan minyak atsiri diperoleh melalui distilasi; data penelitian tidak diubah menjadi anjuran terapi manusia.",Tanaman Obat; Tanaman Estetik,2,Gangguan Sistem Pencernaan; Gangguan Sistem Saraf; Gangguan Endokrin; Gangguan Imunologi; Gangguan Reumatologi; Penyakit Infeksi,6
79,67,Fakultas Kedokteran,FK,25,Mundu,Garcinia dulcis (Roxb.) Kurz,Clusiaceae,Akar; kulit batang; daun; bunga; buah dan kulit buah.,"Buah matang dikonsumsi sebagai pangan atau diolah. Akar, kulit batang, daun, bunga, dan buah dibuat sebagai dekokta atau diekstraksi menggunakan air, etanol, metanol, dan pelarut organik; garcinol diisolasi dari buah matang untuk uji sel, sedangkan ekstrak bunga diberikan pada model tikus hipertensi.",Tanaman Obat; Tanaman Estetik; Tanaman Buah dan Sayuran,3,Gangguan Kardiovaskular; Gangguan Imunologi; Gangguan Reumatologi,3
80,68,Fakultas Kedokteran,FK,26,Mangga,Mangifera indica L.,Anacardiaceae,Akar; kulit batang; daun; bunga; buah dan daging buah; kulit buah; biji/kernel; getah/lateks.,"Buah dikonsumsi segar atau sebagai jus dan produk pangan. Daun, kulit batang, kulit buah, akar, bunga, dan kernel dibuat infusa/dekokta atau diekstraksi dengan air, etanol, metanol, hidroalkohol, dan pelarut lain. Fraksi, mangiferin, polifenol, serta produk seperti ekstrak kulit batang juga diteliti.",Tanaman Obat; Tanaman Estetik; Tanaman Toksik; Tanaman Buah dan Sayuran,4,Gangguan Kardiovaskular; Gangguan Sistem Pencernaan; Gangguan Endokrin; Gangguan Imunologi; Gangguan Reumatologi; Gangguan Kulit (Dermatologi); Penyakit Infeksi; Gangguan Onkologi (Kanker),8
81,69,Fakultas Kedokteran,FK,27,Rambutan,Nephelium lappaceum L.,Sapindaceae,Daging buah/aril; kulit buah/perikarp; biji.,"Daging buah matang dikonsumsi segar sebagai pangan. Kulit buah dikeringkan dan diserbukkan, lalu diekstraksi menggunakan air, etanol, metanol, atau campuran pelarut; ekstrak diberikan oral pada model hewan atau diuji in vitro. Ekstrak kulit dan geraniin juga diformulasikan untuk pengujian topikal pada iritasi kulit; metode penelitian ini bukan anjuran penggunaan mandiri.",Tanaman Obat; Tanaman Estetik; Tanaman Buah dan Sayuran,3,Gangguan Kardiovaskular; Gangguan Endokrin; Gangguan Imunologi; Gangguan Kulit (Dermatologi); Penyakit Infeksi,5
82,70,Fakultas Kedokteran,FK,28,Gaharu,Aquilaria crassna Pierre ex Lecomte,Thymelaeaceae,Daun; kayu gaharu/resin dan minyak gaharu.,"Daun dikeringkan lalu dimaserasi menggunakan etanol atau diekstraksi dengan etil asetat. Ekstrak daun diberikan pada model hewan atau diuji pada sel saraf, nematoda, makrofag, dan bakteri. Kayu gaharu/resin digunakan sebagai bahan aromatik dan minyak diperoleh melalui distilasi.",Tanaman Obat; Tanaman Estetik,2,Gangguan Sistem Saraf; Gangguan Imunologi; Penyakit Infeksi,3
83,71,Fakultas Kedokteran,FK,29,Jambu mawar,Syzygium jambos (L.) Alston,Myrtaceae,Akar; batang dan kulit batang; daun; bunga; buah/daging buah; biji.,"Buah dikonsumsi segar atau diolah sebagai pangan. Daun, kulit batang, akar, bunga, dan biji digunakan sebagai infusa/dekokta atau diekstraksi dengan air, etanol, metanol, aseton, hidroalkohol, n-heksana, dan diklorometana. Ekstrak, fraksi, nanopartikel, dan senyawa terisolasi diuji in vitro serta in vivo.",Tanaman Obat; Tanaman Estetik; Tanaman Toksik; Tanaman Buah dan Sayuran,4,Gangguan Sistem Pencernaan; Gangguan Sistem Saraf; Gangguan Endokrin; Gangguan Urologi; Gangguan Imunologi; Gangguan Reumatologi; Penyakit Infeksi; Gangguan Onkologi (Kanker),8
84,72,Fakultas Kedokteran,FK,30,Jamblang/jambu keling,Syzygium cumini (L.) Skeels,Myrtaceae,Kulit batang; daun; buah/daging buah; biji.,"Buah matang dikonsumsi segar atau diolah sebagai pangan. Biji dikeringkan dan diserbukkan atau diekstraksi dengan air, etanol, metanol, dan hidroalkohol; daun dan kulit batang dibuat infusa/dekokta atau ekstrak. Serbuk dan ekstrak diuji pada model metabolik, sedangkan ekstrak diuji antinosiseptif dan antiinflamasi pada hewan.",Tanaman Obat; Tanaman Estetik; Tanaman Buah dan Sayuran,3,Gangguan Kardiovaskular; Gangguan Sistem Saraf; Gangguan Endokrin; Gangguan Imunologi; Gangguan Reumatologi,5
85,73,Fakultas Kedokteran,FK,31,Bridelia,Bridelia tomentosa Blume,Phyllanthaceae,Buah; daun; kulit batang.,"Buah matang dapat dimakan. Dalam penelitian, buah dikeringkan, diserbukkan, dan dimaserasi dengan metanol; ekstrak diberikan oral pada tikus diabetes untuk menilai glukosa, profil lipid, penanda hati dan ginjal, stres oksidatif, serta histologi pankreas. Penggunaan tradisional bagian vegetatif dilaporkan sebagai rebusan.",Tanaman Obat; Tanaman Estetik; Tanaman Buah dan Sayuran,3,Gangguan Kardiovaskular; Gangguan Sistem Pencernaan; Gangguan Ginjal; Gangguan Endokrin,4
86,74,Fakultas Kedokteran,FK,32,Ketapang kencana,Terminalia mantaly H.Perrier,Combretaceae,Daun; kulit batang; akar,"Serbuk kering daun, kulit batang, dan akar dimaserasi dengan air atau metanol; ekstrak tertentu difraksinasi dengan heksana, kloroform, dan etil asetat; kulit batang juga diekstraksi dan diisolasi secara kromatografi.",Tanaman Obat; Tanaman Estetik,2,Gangguan Endokrin; Penyakit Infeksi,2
87,75,Fakultas Kedokteran,FK,33,Belimbing,Averrhoa carambola L.,Oxalidaceae,Buah dan jus; daun; akar; bunga.,"Buah dikonsumsi segar atau sebagai jus/pangan olahan. Daun, akar, dan bunga digunakan sebagai dekokta atau diekstraksi menggunakan air, etanol, atau metanol. Ekstrak daun diuji in vitro dan diberikan pada tikus untuk efek hipotensi. Laporan klinis toksisitas membahas konsumsi buah/jus, terutama pada gangguan ginjal.",Tanaman Obat; Tanaman Estetik; Tanaman Toksik; Tanaman Buah dan Sayuran,4,Gangguan Kardiovaskular,1
88,76,Fakultas Kedokteran,FK,34,Palem phoenix,Phoenix roebelenii O'Brien,Arecaceae,Daun; buah.,"Dibudidayakan sebagai palem ornamental; buah dilaporkan sebagai pangan. Daun dan buah dikeringkan lalu diekstraksi dengan air–metanol, etanol, petroleum eter, atau difraksinasi dengan diklorometana. Ekstrak diuji hepatoprotektif berbasis sel, inhibisi ACE dan antihipertensi pada tikus, serta inhibisi enzim antidiabetes in vitro.",Tanaman Obat; Tanaman Estetik; Tanaman Buah dan Sayuran,3,Gangguan Kardiovaskular; Gangguan Sistem Pencernaan; Gangguan Endokrin,3
89,77,Fakultas Kedokteran,FK,35,Bunga matahari,Helianthus annuus L.,Asteraceae,Biji/kernel; minyak biji; kecambah; bunga dan daun.,"Biji dan kernel dikonsumsi setelah pengeringan atau pemanggangan; minyak diperoleh melalui pengepresan atau ekstraksi. Dalam penelitian, biji dibuat ekstrak etanol untuk pemberian oral pada model diabetes, sedangkan minyak/komponen volatil dianalisis dengan GC–MS, network pharmacology, dan molecular docking. Bunga dan daun juga digunakan sebagai bahan ornamental atau ekstrak penelitian.",Tanaman Obat; Tanaman Estetik; Tanaman Toksik; Tanaman Buah dan Sayuran,4,Gangguan Endokrin,1
90,78,Fakultas Kedokteran,FK,36,Kacapiring,Gardenia jasminoides J.Ellis,Rubiaceae,Buah matang; bunga; daun; konstituen geniposide/genipin/crocin.,"Dibudidayakan sebagai perdu berbunga. Buah kering digunakan sebagai dekokta atau diekstraksi dengan air, etanol, dan pelarut lain; ekstrak distandardisasi dan konstituen seperti geniposide diisolasi. Penelitian menggunakan pemberian oral pada model hewan untuk efek metabolik, vaskular, neurologis, dan inflamasi. Pigmen buah juga digunakan sebagai pewarna pangan.",Tanaman Obat; Tanaman Estetik; Tanaman Buah dan Sayuran,3,Gangguan Kardiovaskular; Gangguan Sistem Saraf; Gangguan Psikiatri; Gangguan Endokrin; Gangguan Imunologi,5
91,79,Fakultas Kedokteran,FK,37,Anggrek bulan,Phalaenopsis amabilis (L.) Blume,Orchidaceae,Belum ditemukan bagian terapeutik yang terverifikasi.,Belum ditemukan cara pengolahan terapeutik yang terverifikasi.,Tanaman Estetik,1,,0
92,80,Fakultas Kedokteran,FK,38,Alpukat,Persea americana Mill.,Lauraceae,Akar; kulit batang dan batang; daun; bunga; buah dan kulit buah; biji.,"Buah dikonsumsi segar atau sebagai pangan olahan. Daun, akar, dan kulit batang digunakan sebagai infusa/dekokta; daun, biji, kulit buah, dan bagian lain diekstraksi dengan air, etanol, metanol, hidroalkohol, atau pelarut lain untuk uji farmakologi. Minyak buah/biji dan fraksi/isolat juga dilaporkan.",Tanaman Obat; Tanaman Estetik; Tanaman Toksik; Tanaman Buah dan Sayuran,4,Gangguan Kardiovaskular; Gangguan Sistem Pencernaan; Gangguan Ginjal; Gangguan Sistem Saraf; Gangguan Endokrin; Gangguan Urologi; Gangguan Reumatologi; Gangguan Kulit (Dermatologi); Penyakit Infeksi; Gangguan Onkologi (Kanker),10
93,81,Fakultas Kedokteran,FK,39,Phalaenopsis,Phalaenopsis × singuliflora J.J.Sm.,Orchidaceae,Belum ditemukan bagian terapeutik yang terverifikasi.,Belum ditemukan cara pengolahan terapeutik yang terverifikasi.,Tanaman Estetik,1,,0
94,82,Fakultas Kedokteran,FK,40,Pandan kerdil,Pandanus pygmaeus Thouars,Pandanaceae,Belum ditemukan bagian terapeutik yang terverifikasi.,Belum ditemukan cara pengolahan terapeutik yang terverifikasi.,Tanaman Estetik,1,,0
95,83,Fakultas Kedokteran,FK,41,Peace lily,Spathiphyllum blandum Schott,Araceae,Belum ditemukan bagian terapeutik yang terverifikasi.,Belum ditemukan cara pengolahan terapeutik yang terverifikasi.,Tanaman Estetik,1,,0
96,84,Fakultas Kedokteran,FK,42,Anggrek bulan,Phalaenopsis amabilis (L.) Blume,Orchidaceae,Belum ditemukan bagian terapeutik yang terverifikasi.,Belum ditemukan cara pengolahan terapeutik yang terverifikasi.,Tanaman Estetik,1,,0
97,85,Fakultas Kedokteran,FK,43,Jarak pagar,Jatropha curcas L.,Euphorbiaceae,Akar; daun; getah/lateks; biji dan minyak biji.,"Dalam penggunaan tradisional, akar dibuat pasta atau ramuan topikal dan bagian lain digunakan sebagai ramuan. Penelitian menggunakan serbuk atau ekstrak metanol akar pada model inflamasi hewan, ekstrak metanol daun pada kultur primer sel glia, serta kajian toksikologi biji/minyak. Hasil tidak menjadi anjuran konsumsi atau penggunaan mandiri.",Tanaman Obat; Tanaman Estetik; Tanaman Toksik,3,Gangguan Sistem Pernapasan; Gangguan Sistem Pencernaan; Gangguan Sistem Saraf; Gangguan Endokrin; Gangguan Ginekologi dan Obstetri; Gangguan Imunologi; Gangguan Reumatologi; Gangguan Kulit (Dermatologi); Gangguan Hematologi; Penyakit Infeksi; Gangguan Onkologi (Kanker),11
98,86,Fakultas Kedokteran,FK,44,Soka merah,Ixora coccinea L.,Rubiaceae,Daun; bunga; akar; kulit batang; buah,"Bagian tanaman digunakan sebagai rebusan/dekokta, infusa, tumbukan atau sediaan topikal; penelitian menggunakan ekstrak metanol, etanol, dan alkohol serta fraksinasi pelarut.",Tanaman Obat; Tanaman Estetik; Tanaman Buah dan Sayuran,3,Gangguan Kardiovaskular; Gangguan Sistem Pencernaan; Gangguan Psikiatri; Gangguan Ginekologi dan Obstetri; Gangguan Mata (Oftalmologi); Gangguan Kulit (Dermatologi); Penyakit Infeksi; Gangguan Onkologi (Kanker),8
99,87,Fakultas Kedokteran,FK,45,Palem kipas,Saribus rotundifolius (Lam.) Blume,Arecaceae,Belum ditemukan bagian terapeutik yang terverifikasi.,Belum ditemukan cara pengolahan terapeutik yang terverifikasi.,Tanaman Estetik,1,,0
100,88,Fakultas Kedokteran,FK,46,Buni,Antidesma bunius (L.) Spreng.,Phyllanthaceae,Buah; daun; akar; biji; bagian aerial.,"Buah dikonsumsi segar atau diolah menjadi jus, selai, minuman fermentasi, dan serbuk. Akar atau daun digunakan sebagai dekokta dalam tradisi; penelitian menggunakan ekstrak air, etanol, alkohol, dan fraksi pada uji in vitro atau model hewan. Metode penelitian tidak disamakan dengan anjuran terapi manusia.",Tanaman Obat; Tanaman Estetik; Tanaman Buah dan Sayuran,3,Gangguan Sistem Pernapasan; Gangguan Sistem Pencernaan; Gangguan Endokrin; Gangguan Ginekologi dan Obstetri; Gangguan Reumatologi; Penyakit Infeksi; Gangguan Onkologi (Kanker),7
101,89,Fakultas Kedokteran,FK,47,Song of India,Dracaena reflexa Lam.,Asparagaceae,Daun; kulit batang; bagian aerial atau bahan tanaman utuh yang diekstraksi.,"Bahan tanaman dimaserasi dengan metanol dan dipartisi menjadi fraksi n-heksana, kloroform, dan n-butanol. Ekstrak/fraksi dianalisis dengan GC–MS serta diuji in vitro untuk antioksidan, antibakteri, trombolitik, penghambatan tirosinase, asetilkolinesterase, dan butirilkolinesterase; docking digunakan sebagai pendukung mekanistik.",Tanaman Obat; Tanaman Estetik,2,Gangguan Sistem Saraf; Gangguan Kulit (Dermatologi); Gangguan Hematologi; Penyakit Infeksi,4
102,90,Fakultas Kedokteran,FK,48,Ketapang kencana,Terminalia mantaly H.Perrier,Combretaceae,Daun; kulit batang; akar,"Serbuk kering daun, kulit batang, dan akar dimaserasi dengan air atau metanol; ekstrak tertentu difraksinasi dengan heksana, kloroform, dan etil asetat; kulit batang juga diekstraksi dan diisolasi secara kromatografi.",Tanaman Obat; Tanaman Estetik,2,Gangguan Endokrin; Penyakit Infeksi,2
103,91,Fakultas Kedokteran,FK,49,Glodokan tiang,Monoon longifolium (Sonn.) B.Xue & R.M.K.Saunders,Annonaceae,Daun; kulit batang dan batang; akar; buah; biji.,"Literatur menggunakan nama lama Polyalthia longifolia dan merangkum infusa/dekokta tradisional, ekstrak air, etanol, metanol, dan pelarut lain, fraksinasi serta isolasi senyawa, kemudian pengujian in vitro dan pada hewan. Buah/bagian tertentu juga dibahas dalam konteks nutrisi atau pakan.",Tanaman Obat; Tanaman Estetik; Tanaman Buah dan Sayuran,3,Gangguan Kardiovaskular; Gangguan Sistem Pencernaan; Gangguan Sistem Saraf; Gangguan Endokrin; Gangguan Imunologi; Gangguan Reumatologi; Penyakit Infeksi; Gangguan Onkologi (Kanker),8
104,92,Fakultas Kedokteran,FK,50,Palem macarthur,Ptychosperma macarthurii (H.Wendl. ex H.J.Veitch) H.Wendl. ex Hook.f.,Arecaceae,Belum ditemukan bagian terapeutik yang terverifikasi.,Belum ditemukan cara pengolahan terapeutik yang terverifikasi.,Tanaman Estetik,1,,0
105,93,Fakultas Kedokteran,FK,51,Kemenyan,Styrax sp.,Styracaceae,Belum ditemukan bagian terapeutik yang terverifikasi.,Belum ditemukan cara pengolahan terapeutik yang terverifikasi.,Tanaman Estetik,1,,0
106,94,Fakultas Kedokteran,FK,52,Bunga kupu-kupu,Bauhinia purpurea L.,Fabaceae,Daun; kulit batang; akar; bunga; buah/polong; biji.,"Penggunaan tradisional mencakup rebusan, serbuk, atau pasta bagian tanaman. Penelitian menggunakan ekstrak air, etanol/metanol dan pelarut lain, fraksinasi, isolasi senyawa, serta uji in vitro dan model hewan; bunga dan biji juga dibahas sebagai bahan pangan.",Tanaman Obat; Tanaman Estetik; Tanaman Buah dan Sayuran,3,Gangguan Sistem Pencernaan; Gangguan Ginjal; Gangguan Sistem Saraf; Gangguan Endokrin; Gangguan Imunologi; Gangguan Reumatologi; Gangguan Kulit (Dermatologi); Penyakit Infeksi; Gangguan Onkologi (Kanker),9
107,95,Fakultas Kedokteran,FK,53,Bunga kupu-kupu,Bauhinia purpurea L.,Fabaceae,Daun; kulit batang; akar; bunga; buah/polong; biji.,"Penggunaan tradisional mencakup rebusan, serbuk, atau pasta bagian tanaman. Penelitian menggunakan ekstrak air, etanol/metanol dan pelarut lain, fraksinasi, isolasi senyawa, serta uji in vitro dan model hewan; bunga dan biji juga dibahas sebagai bahan pangan.",Tanaman Obat; Tanaman Estetik; Tanaman Buah dan Sayuran,3,Gangguan Sistem Pencernaan; Gangguan Ginjal; Gangguan Sistem Saraf; Gangguan Endokrin; Gangguan Imunologi; Gangguan Reumatologi; Gangguan Kulit (Dermatologi); Penyakit Infeksi; Gangguan Onkologi (Kanker),9
108,96,Fakultas Kedokteran,FK,54,Crossandra,Crossandra infundibuliformis (L.) Nees,Acanthaceae,Daun; bunga.,"Daun dan bunga diekstraksi berturut-turut dengan petroleum eter, etil asetat, dan metanol; ekstrak diuji in vitro terhadap Mycobacterium tuberculosis. Metode penelitian ini bukan anjuran penggunaan manusia.",Tanaman Obat; Tanaman Estetik,2,Penyakit Infeksi,1
109,97,Fakultas Ekonomi dan Bisnis,FEB,1,Anggur,Vitis vinifera L.,Vitaceae,Buah; kulit buah; biji; daun; sulur; batang/cane; pomace.,"Buah dikonsumsi segar atau diolah. Bagian lain dibuat sebagai ekstrak air, etanol, metanol, atau hidroalkohol, kemudian dapat difraksinasi dan diuji in vitro maupun in vivo; review juga merangkum penggunaan tradisional dan pangan fungsional.",Tanaman Obat; Tanaman Estetik; Tanaman Buah dan Sayuran,3,Gangguan Kardiovaskular; Gangguan Sistem Pernapasan; Gangguan Sistem Pencernaan; Gangguan Ginjal; Gangguan Endokrin; Gangguan Imunologi; Gangguan Reumatologi; Gangguan Kulit (Dermatologi); Gangguan Hematologi; Penyakit Infeksi; Gangguan Onkologi (Kanker),11
110,98,Fakultas Ekonomi dan Bisnis,FEB,2,Rambutan,Nephelium lappaceum L.,Sapindaceae,Daging buah/aril; kulit buah/perikarp; biji.,"Daging buah matang dikonsumsi segar sebagai pangan. Kulit buah dikeringkan dan diserbukkan, lalu diekstraksi menggunakan air, etanol, metanol, atau campuran pelarut; ekstrak diberikan oral pada model hewan atau diuji in vitro. Ekstrak kulit dan geraniin juga diformulasikan untuk pengujian topikal pada iritasi kulit; metode penelitian ini bukan anjuran penggunaan mandiri.",Tanaman Obat; Tanaman Estetik; Tanaman Buah dan Sayuran,3,Gangguan Kardiovaskular; Gangguan Endokrin; Gangguan Imunologi; Gangguan Kulit (Dermatologi); Penyakit Infeksi,5
111,99,Fakultas Ekonomi dan Bisnis,FEB,3,Bambu raksasa,Dendrocalamus giganteus Munro,Poaceae,Belum ditemukan bagian terapeutik yang terverifikasi.,Belum ditemukan cara pengolahan terapeutik yang terverifikasi.,Tanaman Estetik; Tanaman Toksik; Tanaman Buah dan Sayuran,3,,0
112,100,Fakultas Ekonomi dan Bisnis,FEB,4,Cabai rawit,Capsicum frutescens L.,Solanaceae,Buah.,"Buah dikonsumsi sebagai bumbu atau sayuran. Dalam penelitian, buah beberapa genotipe diekstraksi untuk analisis fenolik dan flavonoid, aktivitas antioksidan, serta penghambatan α-glukosidase in vitro. Ekstrak pekat tidak disamakan dengan konsumsi kuliner.",Tanaman Obat; Tanaman Estetik; Tanaman Toksik; Tanaman Buah dan Sayuran,4,Gangguan Endokrin,1
113,101,Fakultas Ekonomi dan Bisnis,FEB,5,Sri rezeki,Aglaonema commutatum Schott,Araceae,Belum ditemukan bagian terapeutik yang terverifikasi.,Belum ditemukan cara pengolahan terapeutik yang terverifikasi.,Tanaman Estetik; Tanaman Toksik,2,,0
114,102,Fakultas Ekonomi dan Bisnis,FEB,6,Ravenia,Ravenia spectabilis (Lindl.) Engl.,Rutaceae,Daun.,"Daun dimaserasi dengan metanol; ekstrak dipartisi menjadi fraksi petroleum eter, karbon tetraklorida, kloroform, dan air. Senyawa diisolasi dan fraksi diuji antioksidan, antibakteri, serta trombolitik secara in vitro.",Tanaman Obat; Tanaman Estetik,2,Gangguan Hematologi; Penyakit Infeksi,2
115,103,Fakultas Ekonomi dan Bisnis,FEB,7,Kersen,Muntingia calabura L.,Muntingiaceae,Akar; kulit batang dan batang; daun; bunga; buah.,"Buah dikonsumsi segar atau diolah sebagai selai/pangan. Daun, akar, bunga, dan kulit batang dibuat infusa/dekokta, teh, atau sediaan tradisional. Penelitian menggunakan ekstrak air, etanol, metanol, petroleum eter, kloroform, dan fraksi/isolat untuk uji in vitro dan in vivo.",Tanaman Obat; Tanaman Estetik; Tanaman Buah dan Sayuran,3,Gangguan Kardiovaskular; Gangguan Sistem Pencernaan; Gangguan Sistem Saraf; Gangguan Endokrin; Gangguan Imunologi; Gangguan Reumatologi; Penyakit Infeksi; Gangguan Onkologi (Kanker),8
116,104,Fakultas Ekonomi dan Bisnis,FEB,8,Mangga,Mangifera indica L.,Anacardiaceae,Akar; kulit batang; daun; bunga; buah dan daging buah; kulit buah; biji/kernel; getah/lateks.,"Buah dikonsumsi segar atau sebagai jus dan produk pangan. Daun, kulit batang, kulit buah, akar, bunga, dan kernel dibuat infusa/dekokta atau diekstraksi dengan air, etanol, metanol, hidroalkohol, dan pelarut lain. Fraksi, mangiferin, polifenol, serta produk seperti ekstrak kulit batang juga diteliti.",Tanaman Obat; Tanaman Estetik; Tanaman Toksik; Tanaman Buah dan Sayuran,4,Gangguan Kardiovaskular; Gangguan Sistem Pencernaan; Gangguan Endokrin; Gangguan Imunologi; Gangguan Reumatologi; Gangguan Kulit (Dermatologi); Penyakit Infeksi; Gangguan Onkologi (Kanker),8
117,105,Fakultas Ekonomi dan Bisnis,FEB,9,Bunga kertas,Bougainvillea × buttiana Holttum & Standl.,Nyctaginaceae,Belum ditemukan bagian terapeutik yang terverifikasi.,Belum ditemukan cara pengolahan terapeutik yang terverifikasi.,Tanaman Estetik,1,,0
118,106,Fakultas Ekonomi dan Bisnis,FEB,10,Bunga kertas,Bougainvillea × buttiana Holttum & Standl.,Nyctaginaceae,Belum ditemukan bagian terapeutik yang terverifikasi.,Belum ditemukan cara pengolahan terapeutik yang terverifikasi.,Tanaman Estetik,1,,0
119,107,Fakultas Ekonomi dan Bisnis,FEB,11,Bunga kertas,Bougainvillea × buttiana Holttum & Standl.,Nyctaginaceae,Belum ditemukan bagian terapeutik yang terverifikasi.,Belum ditemukan cara pengolahan terapeutik yang terverifikasi.,Tanaman Estetik,1,,0
120,108,Fakultas Ekonomi dan Bisnis,FEB,12,Puring,Codiaeum variegatum (L.) Rumph. ex A.Juss.,Euphorbiaceae,Daun; akar; kulit batang/batang; bagian lain bergantung kultivar dan sumber.,"Penggunaan tradisional berupa dekokta atau aplikasi lokal. Studi menggunakan ekstrak air, etanol atau hidroalkohol, fraksinasi, dan uji antimikroba, antiinflamasi, sitotoksik serta toksikologi; bukti dominan in vitro dan praklinik.",Tanaman Obat; Tanaman Estetik; Tanaman Toksik,3,Gangguan Sistem Pencernaan; Gangguan Sistem Saraf; Gangguan Endokrin; Gangguan Imunologi; Gangguan Reumatologi; Gangguan Kulit (Dermatologi); Penyakit Infeksi; Gangguan Onkologi (Kanker),8
121,109,Fakultas Ekonomi dan Bisnis,FEB,13,Bunga kertas,Bougainvillea glabra Choisy,Nyctaginaceae,Daun; braktea/bunga; batang atau akar pada penggunaan tradisional yang dirangkum.,"Infusa atau dekokta tradisional dan ekstrak pelarut diuji untuk fitokimia, aktivitas antimikroba, antijamur, dan antibiofilm. Bukti dominan in vitro/review serta tidak digeneralisasi ke hibrida Bougainvillea × buttiana.",Tanaman Obat; Tanaman Estetik,2,Penyakit Infeksi,1
122,110,Fakultas Ekonomi dan Bisnis,FEB,14,Ravenia,Ravenia spectabilis (Lindl.) Engl.,Rutaceae,Daun.,"Daun dimaserasi dengan metanol; ekstrak dipartisi menjadi fraksi petroleum eter, karbon tetraklorida, kloroform, dan air. Senyawa diisolasi dan fraksi diuji antioksidan, antibakteri, serta trombolitik secara in vitro.",Tanaman Obat; Tanaman Estetik,2,Gangguan Hematologi; Penyakit Infeksi,2
123,111,Fakultas Ekonomi dan Bisnis,FEB,15,Tarlmounia,"Tarlmounia elliptica (DC.) H.Rob., S.C.Keeley, Skvarla & R.Chan",Asteraceae,Daun.,"Daun dikeringkan dan dibuat ekstrak air. Pada penelitian praklinik, ekstrak diberikan secara oral kepada kelinci model hiperlipidemia. Metode penelitian ini tidak diubah menjadi anjuran konsumsi manusia.",Tanaman Obat; Tanaman Estetik,2,Gangguan Kardiovaskular,1
124,112,Fakultas Ekonomi dan Bisnis,FEB,16,Sirsak,Annona muricata L.,Annonaceae,Buah dan daging buah; daun; kulit batang; akar; biji.,"Buah dikonsumsi segar atau diolah sebagai pangan. Penggunaan tradisional mencakup infusa, dekokta, atau aplikasi topikal. Penelitian menggunakan ekstrak air, etanol, metanol, fraksinasi, isolasi senyawa, serta uji in vitro dan model hewan.",Tanaman Obat; Tanaman Estetik; Tanaman Toksik; Tanaman Buah dan Sayuran,4,Gangguan Kardiovaskular; Gangguan Sistem Pernapasan; Gangguan Sistem Pencernaan; Gangguan Sistem Saraf; Gangguan Endokrin; Gangguan Ginekologi dan Obstetri; Gangguan Imunologi; Gangguan Kulit (Dermatologi); Penyakit Infeksi; Gangguan Onkologi (Kanker),10
125,113,Fakultas Ekonomi dan Bisnis,FEB,17,Durian,Durio zibethinus L.,Malvaceae,Daging buah; kulit atau rind; biji; tepung kulit; polisakarida kulit buah.,"Daging buah dikonsumsi segar atau difermentasi sebagai pangan. Penelitian mengolah kulit dan biji menjadi tepung, gum, ekstrak, atau fraksi polisakarida; dilakukan pengujian antiinflamasi, antimikroba, sitotoksik, penyembuhan luka, dan model konstipasi.",Tanaman Obat; Tanaman Buah dan Sayuran,2,Gangguan Sistem Pencernaan; Gangguan Imunologi; Gangguan Kulit (Dermatologi); Penyakit Infeksi; Gangguan Onkologi (Kanker),5
126,114,Fakultas Ekonomi dan Bisnis,FEB,18,Cojoba,Cojoba arborea (L.) Britton & Rose,Fabaceae,Belum ditemukan bagian terapeutik yang terverifikasi.,Belum ditemukan cara pengolahan terapeutik yang terverifikasi.,Tanaman Estetik; Tanaman Toksik,2,,0
127,115,Fakultas Ekonomi dan Bisnis,FEB,19,Jambu bol,Syzygium malaccense (L.) Merr. & L.M.Perry,Myrtaceae,Buah; kulit buah; biji; daun; kulit batang atau batang.,"Buah dikonsumsi segar atau diolah sebagai pangan. Penelitian menggunakan ekstrak terstandar dan ekstrak pelarut dari daun, buah, atau batang untuk analisis fitokimia, antioksidan, dan penghambatan enzim terkait glikemia secara in vitro.",Tanaman Obat; Tanaman Estetik; Tanaman Buah dan Sayuran,3,Gangguan Endokrin,1
128,116,Fakultas Ekonomi dan Bisnis,FEB,20,Awar-awar,Ficus septica Burm.f.,Moraceae,Daun; akar; kulit batang; buah; lateks.,"Penggunaan tradisional mencakup rebusan, perasan, atau aplikasi topikal. Penelitian memakai ekstrak etanol, metanol, fraksi, dan isolasi senyawa untuk uji antimikroba, antiinflamasi, imunomodulator, sitotoksik, dan model praklinik.",Tanaman Obat; Tanaman Estetik,2,Gangguan Sistem Pencernaan; Gangguan Imunologi; Gangguan Kulit (Dermatologi); Penyakit Infeksi; Gangguan Onkologi (Kanker),5
129,117,Fakultas Ekonomi dan Bisnis,FEB,21,Palem putri,Adonidia merrillii (Becc.) Becc.,Arecaceae,Buah dan perikarp; biji atau kernel dan minyak biji; daun; bunga.,"Penggunaan tradisional dan pangan dibedakan dari penelitian. Studi menggunakan ekstrak metanol atau pelarut lain dari buah, perikarp, dan biji, pengepresan atau analisis minyak, serta uji antibakteri dan sitotoksik in vitro.",Tanaman Obat; Tanaman Estetik; Tanaman Buah dan Sayuran,3,Gangguan Sistem Pencernaan; Gangguan Sistem Saraf; Penyakit Infeksi; Gangguan Onkologi (Kanker),4
130,118,Fakultas Ekonomi dan Bisnis,FEB,22,Bambu raksasa,Dendrocalamus giganteus Munro,Poaceae,Belum ditemukan bagian terapeutik yang terverifikasi.,Belum ditemukan cara pengolahan terapeutik yang terverifikasi.,Tanaman Estetik; Tanaman Toksik; Tanaman Buah dan Sayuran,3,,0
131,119,Fakultas Ekonomi dan Bisnis,FEB,23,Biola cantik,Ficus lyrata Warb.,Moraceae,Kulit batang; buah dalam catatan penggunaan pangan.,"Kulit batang dikeringkan dan dibuat ekstrak yang diberikan secara oral pada tikus dengan penyakit hati berlemak akibat diet tinggi lemak. Buah tercatat sebagai bahan pangan dalam basis data penggunaan, tetapi tidak digunakan sebagai dasar aktivitas farmakologi studi kulit batang.",Tanaman Obat; Tanaman Estetik; Tanaman Buah dan Sayuran,3,Gangguan Kardiovaskular; Gangguan Sistem Pencernaan; Gangguan Endokrin; Gangguan Imunologi,4
132,120,Fakultas Ekonomi dan Bisnis,FEB,24,Teh-tehan,Acalypha siamensis Oliv. ex Gage,Euphorbiaceae,Daun.,"Daun diekstraksi dan dipartisi menggunakan heksana, diklorometana, etil asetat, dan metanol. Fraksi diuji terhadap bakteri dan kapang secara in vitro. Prosedur ini bukan anjuran penggunaan.",Tanaman Obat; Tanaman Estetik,2,Penyakit Infeksi,1
133,121,Fakultas Ekonomi dan Bisnis,FEB,25,Glodokan tiang,Monoon longifolium (Sonn.) B.Xue & R.M.K.Saunders,Annonaceae,Daun; kulit batang dan batang; akar; buah; biji.,"Literatur menggunakan nama lama Polyalthia longifolia dan merangkum infusa/dekokta tradisional, ekstrak air, etanol, metanol, dan pelarut lain, fraksinasi serta isolasi senyawa, kemudian pengujian in vitro dan pada hewan. Buah/bagian tertentu juga dibahas dalam konteks nutrisi atau pakan.",Tanaman Obat; Tanaman Estetik; Tanaman Buah dan Sayuran,3,Gangguan Kardiovaskular; Gangguan Sistem Pencernaan; Gangguan Sistem Saraf; Gangguan Endokrin; Gangguan Imunologi; Gangguan Reumatologi; Penyakit Infeksi; Gangguan Onkologi (Kanker),8
134,122,Fakultas Ekonomi dan Bisnis,FEB,26,Tarlmounia,"Tarlmounia elliptica (DC.) H.Rob., S.C.Keeley, Skvarla & R.Chan",Asteraceae,Daun.,"Daun dikeringkan dan dibuat ekstrak air. Pada penelitian praklinik, ekstrak diberikan secara oral kepada kelinci model hiperlipidemia. Metode penelitian ini tidak diubah menjadi anjuran konsumsi manusia.",Tanaman Obat; Tanaman Estetik,2,Gangguan Kardiovaskular,1
135,123,Fakultas Ekonomi dan Bisnis,FEB,27,Jambu mawar,Syzygium jambos (L.) Alston,Myrtaceae,Akar; batang dan kulit batang; daun; bunga; buah/daging buah; biji.,"Buah dikonsumsi segar atau diolah sebagai pangan. Daun, kulit batang, akar, bunga, dan biji digunakan sebagai infusa/dekokta atau diekstraksi dengan air, etanol, metanol, aseton, hidroalkohol, n-heksana, dan diklorometana. Ekstrak, fraksi, nanopartikel, dan senyawa terisolasi diuji in vitro serta in vivo.",Tanaman Obat; Tanaman Estetik; Tanaman Toksik; Tanaman Buah dan Sayuran,4,Gangguan Sistem Pencernaan; Gangguan Sistem Saraf; Gangguan Endokrin; Gangguan Urologi; Gangguan Imunologi; Gangguan Reumatologi; Penyakit Infeksi; Gangguan Onkologi (Kanker),8
136,124,Fakultas Ekonomi dan Bisnis,FEB,28,Bunga kertas,Bougainvillea × buttiana Holttum & Standl.,Nyctaginaceae,Belum ditemukan bagian terapeutik yang terverifikasi.,Belum ditemukan cara pengolahan terapeutik yang terverifikasi.,Tanaman Estetik,1,,0
137,125,Fakultas Ekonomi dan Bisnis,FEB,29,Kamboja Jepang,Adenium multiflorum Klotzsch,Apocynaceae,Belum ditemukan bagian terapeutik yang terverifikasi.,Belum ditemukan cara pengolahan terapeutik yang terverifikasi.,Tanaman Estetik; Tanaman Toksik,2,,0
138,126,Fakultas Ekonomi dan Bisnis,FEB,30,Goji berry,Lycium barbarum L.,Solanaceae,Buah; pucuk dan daun muda; akar atau kulit akar pada penggunaan tradisional.,"Buah dikonsumsi segar atau dikeringkan, diseduh, dan digunakan sebagai bahan pangan. Penelitian menggunakan polisakarida buah yang diekstraksi dan dimurnikan untuk uji imunologi, metabolik, serta modulasi mikrobiota; penggunaan tradisional dicatat terpisah.",Tanaman Obat; Tanaman Estetik; Tanaman Buah dan Sayuran,3,Gangguan Kardiovaskular; Gangguan Endokrin; Gangguan Imunologi; Gangguan Mata (Oftalmologi); Gangguan Nutrisi,5
139,127,Fakultas Ekonomi dan Bisnis,FEB,31,Ketapang,Terminalia catappa L.,Combretaceae,Daun; kulit batang; buah dan daging buah; biji atau kernel.,"Buah atau kernel digunakan sebagai bahan pangan. Penggunaan tradisional mencakup infusa atau dekokta daun dan kulit batang. Penelitian menggunakan ekstrak air, etanol atau pelarut lain, fraksinasi, serta pengujian in vitro dan model hewan.",Tanaman Obat; Tanaman Estetik; Tanaman Toksik; Tanaman Buah dan Sayuran,4,Gangguan Kardiovaskular; Gangguan Sistem Pencernaan; Gangguan Endokrin; Gangguan Imunologi; Gangguan Reumatologi; Gangguan Kulit (Dermatologi); Penyakit Infeksi; Gangguan Onkologi (Kanker),8
140,128,Fakultas Ekonomi dan Bisnis,FEB,32,Paku tanduk rusa,Platycerium bifurcatum (Cav.) C.Chr.,Polypodiaceae,Daun/ental (frond),Daun dikeringkan lalu diekstraksi dengan etanol; ekstrak dipartisi dengan air dan kloroform untuk uji antibakteri/antioksidan; ekstrak etanol diberikan secara oral pada model tikus ulkus lambung.,Tanaman Obat; Tanaman Estetik,2,Gangguan Kardiovaskular; Gangguan Sistem Pernapasan; Gangguan Sistem Pencernaan; Gangguan Ginekologi dan Obstetri; Penyakit Infeksi,5
141,129,Fakultas Ekonomi dan Bisnis,FEB,33,Kamboja merah,Plumeria rubra L.,Apocynaceae,Akar; kulit batang dan batang; daun; bunga; buah dan biji; getah/lateks.,"Bagian tanaman digunakan sebagai dekokta atau infusa, serbuk, tumbukan/pasta, dan aplikasi getah secara topikal dalam laporan etnomedis. Penelitian menggunakan ekstrak air, etanol, metanol, petroleum eter, kloroform, dan fraksi/isolat untuk uji farmakologi dan toksikologi.",Tanaman Obat; Tanaman Estetik; Tanaman Toksik; Tanaman Buah dan Sayuran,4,Gangguan Sistem Pencernaan; Gangguan Sistem Saraf; Gangguan Endokrin; Gangguan Imunologi; Gangguan Reumatologi; Gangguan Kulit (Dermatologi); Penyakit Infeksi; Gangguan Onkologi (Kanker),8
142,130,Fakultas Ekonomi dan Bisnis,FEB,34,Jambu biji,Psidium guajava L.,Myrtaceae,Akar; kulit batang dan batang; daun; bunga; buah dan kulit buah; biji.,"Buah dikonsumsi segar atau sebagai jus/pangan olahan. Daun, akar, dan kulit batang dibuat infusa atau dekokta; penelitian menggunakan ekstrak air, etanol, metanol, hidroalkohol, minyak atsiri, fraksi, dan senyawa terisolasi untuk penggunaan oral, topikal, serta pengujian in vitro dan in vivo.",Tanaman Obat; Tanaman Estetik; Tanaman Toksik; Tanaman Buah dan Sayuran,4,Gangguan Kardiovaskular; Gangguan Sistem Pencernaan; Gangguan Sistem Saraf; Gangguan Endokrin; Gangguan Urologi; Gangguan Imunologi; Gangguan Reumatologi; Gangguan Kulit (Dermatologi); Penyakit Infeksi; Gangguan Onkologi (Kanker),10
143,131,Fakultas Ekonomi dan Bisnis,FEB,35,Mangga,Mangifera indica L.,Anacardiaceae,Akar; kulit batang; daun; bunga; buah dan daging buah; kulit buah; biji/kernel; getah/lateks.,"Buah dikonsumsi segar atau sebagai jus dan produk pangan. Daun, kulit batang, kulit buah, akar, bunga, dan kernel dibuat infusa/dekokta atau diekstraksi dengan air, etanol, metanol, hidroalkohol, dan pelarut lain. Fraksi, mangiferin, polifenol, serta produk seperti ekstrak kulit batang juga diteliti.",Tanaman Obat; Tanaman Estetik; Tanaman Toksik; Tanaman Buah dan Sayuran,4,Gangguan Kardiovaskular; Gangguan Sistem Pencernaan; Gangguan Endokrin; Gangguan Imunologi; Gangguan Reumatologi; Gangguan Kulit (Dermatologi); Penyakit Infeksi; Gangguan Onkologi (Kanker),8
144,132,Fakultas Ekonomi dan Bisnis,FEB,36,Chlorophytum,Chlorophytum capense (L.) Voss,Asparagaceae,Belum ditemukan bagian terapeutik yang terverifikasi.,Belum ditemukan cara pengolahan terapeutik yang terverifikasi.,Tanaman Estetik,1,,0
145,133,Fakultas Ekonomi dan Bisnis,FEB,37,Sri rezeki,Aglaonema commutatum Schott,Araceae,Belum ditemukan bagian terapeutik yang terverifikasi.,Belum ditemukan cara pengolahan terapeutik yang terverifikasi.,Tanaman Estetik; Tanaman Toksik,2,,0
146,134,Fakultas Ekonomi dan Bisnis,FEB,38,Sambang darah hias,Excoecaria cochinchinensis Lour.,Euphorbiaceae,Bagian aerial; daun,"Bagian aerial dikeringkan, diserbukkan, dan diekstraksi berulang dengan metanol; ekstrak dipartisi bertahap dengan n-heksana, campuran n-heksana-etil asetat, dan etil asetat; penelitian lain menggunakan ekstrak air atau etanol daun.",Tanaman Obat; Tanaman Estetik; Tanaman Toksik,3,Gangguan Sistem Pencernaan; Gangguan Endokrin; Gangguan Urologi; Gangguan Kulit (Dermatologi); Penyakit Infeksi; Gangguan Onkologi (Kanker),6
147,135,Fakultas Ekonomi dan Bisnis,FEB,39,Coleus,Coleus decurrens Gürke,Lamiaceae,Belum ditemukan bagian terapeutik yang terverifikasi.,Belum ditemukan cara pengolahan terapeutik yang terverifikasi.,Tanaman Estetik,1,,0
148,136,Fakultas Ekonomi dan Bisnis,FEB,40,Dracaena,Dracaena hyacinthoides (L.) Mabb.,Asparagaceae,Rimpang; daun.,"Sumber etnobotani resmi mencatat penggunaan rimpang dan daun untuk beberapa keluhan, namun tidak memberikan rincian pengolahan yang seragam. Tanaman juga ditanam sebagai groundcover atau tanaman pot; metode tradisional tidak diubah menjadi anjuran klinis.",Tanaman Obat; Tanaman Estetik,2,Gangguan Sistem Pencernaan; Penyakit Infeksi,2
149,137,Fakultas Ekonomi dan Bisnis,FEB,41,Osmoxylon,Osmoxylon lineare (Merr.) Philipson,Araliaceae,Belum ditemukan bagian terapeutik yang terverifikasi.,Belum ditemukan cara pengolahan terapeutik yang terverifikasi.,Tanaman Estetik,1,,0
150,138,Fakultas Ekonomi dan Bisnis,FEB,42,Lidah mertua,Dracaena trifasciata (Prain) Mabb.,Asparagaceae,Daun; rimpang; akar.,"Daun, rimpang, dan akar digunakan sebagai perasan, rebusan/dekokta, infusa, atau pasta/balur dalam laporan tradisional. Penelitian menggunakan ekstrak air, etanol, metanol, n-heksana, kloroform, dan fraksi pelarut yang diberikan secara oral atau topikal maupun diuji in vitro.",Tanaman Obat; Tanaman Estetik; Tanaman Toksik,3,Gangguan Sistem Pernapasan; Gangguan Sistem Pencernaan; Gangguan Sistem Saraf; Gangguan Endokrin; Gangguan Urologi; Gangguan Imunologi; Gangguan Reumatologi; Gangguan Kulit (Dermatologi); Penyakit Infeksi,9
151,139,Fakultas Ekonomi dan Bisnis,FEB,43,Furcraea,Furcraea foetida (L.) Haw.,Asparagaceae,Bahan tanaman untuk isolasi saponin steroid; seluruh tanaman dalam konteks ornamental dan toksik.,"Penelitian melakukan ekstraksi, isolasi, dan karakterisasi kromatografi senyawa furcreastatin, kemudian menilai bioaktivitasnya secara laboratorium. Prosedur ini bukan anjuran penggunaan manusia.",Tanaman Obat; Tanaman Estetik; Tanaman Toksik,3,Gangguan Onkologi (Kanker),1
152,140,Fakultas Ekonomi dan Bisnis,FEB,44,Soka,Ixora chinensis Lam.,Rubiaceae,Akar; batang; kulit batang; daun; bunga.,"Akar dibuat dekokta untuk keluhan lambung, masa setelah persalinan, dan keluhan bronkial; bunga dibuat dekokta atau infusa segar; akar, batang, daun, bunga, dan kulit batang digunakan sebagai ramuan tradisional. Daun dan kulit batang dikeringkan, diserbukkan, lalu dimaserasi dengan metanol; daun juga diekstraksi dengan metanol atau etanol untuk uji antibakteri dan antioksidan.",Tanaman Obat; Tanaman Estetik; Tanaman Buah dan Sayuran,3,Gangguan Kardiovaskular; Gangguan Sistem Pernapasan; Gangguan Sistem Pencernaan; Gangguan Ginekologi dan Obstetri; Gangguan Reumatologi; Gangguan Kulit (Dermatologi); Gangguan Hematologi; Penyakit Infeksi,8
153,141,Fakultas Ekonomi dan Bisnis,FEB,45,Bromelia raksasa,Alcantarea imperialis (Carrière) Harms,Bromeliaceae,Belum ditemukan bagian terapeutik yang terverifikasi.,Belum ditemukan cara pengolahan terapeutik yang terverifikasi.,Tanaman Estetik,1,,0
154,142,Fakultas Ekonomi dan Bisnis,FEB,46,Areca,Areca catechu L.,Arecaceae,Belum ditemukan bagian terapeutik yang terverifikasi.,Belum ditemukan cara pengolahan terapeutik yang terverifikasi.,Tanaman Estetik; Tanaman Toksik; Tanaman Buah dan Sayuran,3,,0
155,143,Fakultas Ekonomi dan Bisnis,FEB,47,Alocasia,Alocasia sanderiana W.Bull,Araceae,Belum ditemukan bagian terapeutik yang terverifikasi.,Belum ditemukan cara pengolahan terapeutik yang terverifikasi.,Tanaman Estetik; Tanaman Toksik,2,,0
156,144,Fakultas Ekonomi dan Bisnis,FEB,48,Euphorbia,Euphorbia lactea Haw.,Euphorbiaceae,Lateks; bagian aerial atau batang sukulen.,"Tirucallol diisolasi dari lateks dan diberikan topikal pada model inflamasi hewan. Bagian aerial dikeringkan, diekstraksi dengan etanol, dipartisi dengan beberapa pelarut, dan dipisahkan melalui kromatografi untuk uji sitotoksik pada sel kanker.",Tanaman Obat; Tanaman Estetik; Tanaman Toksik,3,Gangguan Imunologi; Gangguan Kulit (Dermatologi); Gangguan Onkologi (Kanker),3
157,145,Fakultas Ekonomi dan Bisnis,FEB,49,Soka merah,Ixora coccinea L.,Rubiaceae,Daun; bunga; akar; kulit batang; buah,"Bagian tanaman digunakan sebagai rebusan/dekokta, infusa, tumbukan atau sediaan topikal; penelitian menggunakan ekstrak metanol, etanol, dan alkohol serta fraksinasi pelarut.",Tanaman Obat; Tanaman Estetik; Tanaman Buah dan Sayuran,3,Gangguan Kardiovaskular; Gangguan Sistem Pencernaan; Gangguan Psikiatri; Gangguan Ginekologi dan Obstetri; Gangguan Mata (Oftalmologi); Gangguan Kulit (Dermatologi); Penyakit Infeksi; Gangguan Onkologi (Kanker),8
158,146,Fakultas Ekonomi dan Bisnis,FEB,50,Hibiscus,Hibiscus fragilis DC.,Malvaceae,Belum ditemukan bagian terapeutik yang terverifikasi.,Belum ditemukan cara pengolahan terapeutik yang terverifikasi.,Tanaman Estetik,1,,0
159,147,Fakultas Ekonomi dan Bisnis,FEB,51,Bunga kertas,Bougainvillea × buttiana Holttum & Standl.,Nyctaginaceae,Belum ditemukan bagian terapeutik yang terverifikasi.,Belum ditemukan cara pengolahan terapeutik yang terverifikasi.,Tanaman Estetik,1,,0
160,148,Fakultas Ekonomi dan Bisnis,FEB,52,Soka,Ixora chinensis Lam.,Rubiaceae,Akar; batang; kulit batang; daun; bunga.,"Akar dibuat dekokta untuk keluhan lambung, masa setelah persalinan, dan keluhan bronkial; bunga dibuat dekokta atau infusa segar; akar, batang, daun, bunga, dan kulit batang digunakan sebagai ramuan tradisional. Daun dan kulit batang dikeringkan, diserbukkan, lalu dimaserasi dengan metanol; daun juga diekstraksi dengan metanol atau etanol untuk uji antibakteri dan antioksidan.",Tanaman Obat; Tanaman Estetik; Tanaman Buah dan Sayuran,3,Gangguan Kardiovaskular; Gangguan Sistem Pernapasan; Gangguan Sistem Pencernaan; Gangguan Ginekologi dan Obstetri; Gangguan Reumatologi; Gangguan Kulit (Dermatologi); Gangguan Hematologi; Penyakit Infeksi,8
161,149,Fakultas Ekonomi dan Bisnis,FEB,53,Mengkudu,Morinda citrifolia L.,Rubiaceae,Akar; kulit batang; daun; bunga; buah dan jus buah; biji.,"Buah dikonsumsi segar atau difermentasi menjadi jus. Penggunaan tradisional mencakup infusa atau dekokta daun, akar, dan kulit batang. Penelitian menggunakan ekstrak air, etanol, metanol, fraksi, polisakarida, dan senyawa terisolasi pada uji in vitro serta model hewan.",Tanaman Obat; Tanaman Estetik; Tanaman Buah dan Sayuran,3,Gangguan Kardiovaskular; Gangguan Sistem Pencernaan; Gangguan Sistem Saraf; Gangguan Endokrin; Gangguan Imunologi; Gangguan Kulit (Dermatologi); Penyakit Infeksi; Gangguan Onkologi (Kanker); Gangguan Nutrisi,9
162,150,Fakultas Ekonomi dan Bisnis,FEB,54,Sawo,Manilkara zapota (L.) P.Royen,Sapotaceae,Buah dan daging buah; kulit buah; biji; daun; kulit batang; lateks.,"Buah matang dikonsumsi segar atau diolah sebagai pangan. Biji, daun, dan kulit batang digunakan secara tradisional sebagai rebusan atau sediaan lain. Penelitian memakai ekstrak air, etanol, metanol, petroleum eter, fraksi, serta uji in vitro dan model hewan.",Tanaman Obat; Tanaman Estetik; Tanaman Buah dan Sayuran,3,Gangguan Kardiovaskular; Gangguan Sistem Pernapasan; Gangguan Sistem Pencernaan; Gangguan Ginjal; Gangguan Sistem Saraf; Gangguan Endokrin; Gangguan Imunologi; Gangguan Reumatologi; Gangguan Kulit (Dermatologi); Penyakit Infeksi; Gangguan Onkologi (Kanker),11
163,151,Fakultas Ekonomi dan Bisnis,FEB,55,Jambu biji,Psidium guajava L.,Myrtaceae,Akar; kulit batang dan batang; daun; bunga; buah dan kulit buah; biji.,"Buah dikonsumsi segar atau sebagai jus/pangan olahan. Daun, akar, dan kulit batang dibuat infusa atau dekokta; penelitian menggunakan ekstrak air, etanol, metanol, hidroalkohol, minyak atsiri, fraksi, dan senyawa terisolasi untuk penggunaan oral, topikal, serta pengujian in vitro dan in vivo.",Tanaman Obat; Tanaman Estetik; Tanaman Toksik; Tanaman Buah dan Sayuran,4,Gangguan Kardiovaskular; Gangguan Sistem Pencernaan; Gangguan Sistem Saraf; Gangguan Endokrin; Gangguan Urologi; Gangguan Imunologi; Gangguan Reumatologi; Gangguan Kulit (Dermatologi); Penyakit Infeksi; Gangguan Onkologi (Kanker),10
164,152,Fakultas Ekonomi dan Bisnis,FEB,56,Mangga,Mangifera indica L.,Anacardiaceae,Akar; kulit batang; daun; bunga; buah dan daging buah; kulit buah; biji/kernel; getah/lateks.,"Buah dikonsumsi segar atau sebagai jus dan produk pangan. Daun, kulit batang, kulit buah, akar, bunga, dan kernel dibuat infusa/dekokta atau diekstraksi dengan air, etanol, metanol, hidroalkohol, dan pelarut lain. Fraksi, mangiferin, polifenol, serta produk seperti ekstrak kulit batang juga diteliti.",Tanaman Obat; Tanaman Estetik; Tanaman Toksik; Tanaman Buah dan Sayuran,4,Gangguan Kardiovaskular; Gangguan Sistem Pencernaan; Gangguan Endokrin; Gangguan Imunologi; Gangguan Reumatologi; Gangguan Kulit (Dermatologi); Penyakit Infeksi; Gangguan Onkologi (Kanker),8
165,153,Fakultas Ekonomi dan Bisnis,FEB,57,Jambu air,Syzygium aqueum (Burm.f.) Alston,Myrtaceae,Belum ditemukan bagian terapeutik yang terverifikasi.,Belum ditemukan cara pengolahan terapeutik yang terverifikasi.,Tanaman Estetik; Tanaman Buah dan Sayuran,2,,0
166,154,Fakultas Ekonomi dan Bisnis,FEB,58,Philodendron,Philodendron burle-marxii G.M.Barroso,Araceae,Belum ditemukan bagian terapeutik yang terverifikasi.,Belum ditemukan cara pengolahan terapeutik yang terverifikasi.,Tanaman Estetik; Tanaman Toksik,2,,0
167,155,Fakultas Ekonomi dan Bisnis,FEB,59,Mawar kuning,Rosa foetida Herrm.,Rosaceae,Belum ditemukan bagian terapeutik yang terverifikasi.,Belum ditemukan cara pengolahan terapeutik yang terverifikasi.,Tanaman Estetik; Tanaman Buah dan Sayuran,2,,0
168,156,Fakultas Ekonomi dan Bisnis,FEB,60,Mawar,Rosa abietina Gren. ex Christ,Rosaceae,Belum ditemukan bagian terapeutik yang terverifikasi.,Belum ditemukan cara pengolahan terapeutik yang terverifikasi.,Tanaman Estetik,1,,0
169,157,Fakultas Ekonomi dan Bisnis,FEB,61,Osmoxylon,Osmoxylon lineare (Merr.) Philipson,Araliaceae,Belum ditemukan bagian terapeutik yang terverifikasi.,Belum ditemukan cara pengolahan terapeutik yang terverifikasi.,Tanaman Estetik,1,,0
170,158,Fakultas Ekonomi dan Bisnis,FEB,62,Wrightia,Wrightia antidysenterica (L.) R.Br.,Apocynaceae,Kulit batang atau akar; biji; bunga.,"Penggunaan tradisional mencakup rebusan, serbuk, atau sediaan bagian kulit dan biji untuk keluhan pencernaan serta infeksi tertentu. Bunga terutama digunakan sebagai tanaman ornamental. Informasi tradisional tidak diubah menjadi anjuran klinis.",Tanaman Obat; Tanaman Estetik,2,Gangguan Sistem Pencernaan; Gangguan Ginekologi dan Obstetri; Penyakit Infeksi,3
171,159,Fakultas Ekonomi dan Bisnis,FEB,63,Ara,Ficus padana Burm.f.,Moraceae,Belum ditemukan bagian terapeutik yang terverifikasi.,Belum ditemukan cara pengolahan terapeutik yang terverifikasi.,Tanaman Estetik,1,,0
172,160,Fakultas Adab dan Humaniora,FAH,1,Ficus,Ficus benjamina L.,Moraceae,Akar; kulit batang; daun; buah; lateks.,"Penggunaan tradisional mencakup rebusan, ekstrak, dan aplikasi lokal. Penelitian memakai ekstrak air, etanol, metanol, fraksi, minyak atau lateks, serta uji antimikroba, antiinflamasi, sitotoksik, dan aktivitas lain secara in vitro atau praklinik.",Tanaman Obat; Tanaman Estetik; Tanaman Toksik; Tanaman Buah dan Sayuran,4,Gangguan Imunologi; Gangguan Kulit (Dermatologi); Penyakit Infeksi; Gangguan Onkologi (Kanker),4
173,161,Fakultas Adab dan Humaniora,FAH,2,Ketapang kencana,Terminalia mantaly H.Perrier,Combretaceae,Daun; kulit batang; akar,"Serbuk kering daun, kulit batang, dan akar dimaserasi dengan air atau metanol; ekstrak tertentu difraksinasi dengan heksana, kloroform, dan etil asetat; kulit batang juga diekstraksi dan diisolasi secara kromatografi.",Tanaman Obat; Tanaman Estetik,2,Gangguan Endokrin; Penyakit Infeksi,2
174,162,Fakultas Adab dan Humaniora,FAH,3,Palem kentia,Howea forsteriana (F.Muell.) Becc.,Arecaceae,Belum ditemukan bagian terapeutik yang terverifikasi.,Belum ditemukan cara pengolahan terapeutik yang terverifikasi.,Tanaman Estetik,1,,0
175,163,Fakultas Adab dan Humaniora,FAH,4,Kamboja merah,Plumeria rubra L.,Apocynaceae,Akar; kulit batang dan batang; daun; bunga; buah dan biji; getah/lateks.,"Bagian tanaman digunakan sebagai dekokta atau infusa, serbuk, tumbukan/pasta, dan aplikasi getah secara topikal dalam laporan etnomedis. Penelitian menggunakan ekstrak air, etanol, metanol, petroleum eter, kloroform, dan fraksi/isolat untuk uji farmakologi dan toksikologi.",Tanaman Obat; Tanaman Estetik; Tanaman Toksik; Tanaman Buah dan Sayuran,4,Gangguan Sistem Pencernaan; Gangguan Sistem Saraf; Gangguan Endokrin; Gangguan Imunologi; Gangguan Reumatologi; Gangguan Kulit (Dermatologi); Penyakit Infeksi; Gangguan Onkologi (Kanker),8
176,164,Fakultas Adab dan Humaniora,FAH,5,Palem putri,Adonidia merrillii (Becc.) Becc.,Arecaceae,Buah dan perikarp; biji atau kernel dan minyak biji; daun; bunga.,"Penggunaan tradisional dan pangan dibedakan dari penelitian. Studi menggunakan ekstrak metanol atau pelarut lain dari buah, perikarp, dan biji, pengepresan atau analisis minyak, serta uji antibakteri dan sitotoksik in vitro.",Tanaman Obat; Tanaman Estetik; Tanaman Buah dan Sayuran,3,Gangguan Sistem Pencernaan; Gangguan Sistem Saraf; Penyakit Infeksi; Gangguan Onkologi (Kanker),4
177,165,Fakultas Adab dan Humaniora,FAH,6,Sambang darah hias,Excoecaria cochinchinensis Lour.,Euphorbiaceae,Bagian aerial; daun,"Bagian aerial dikeringkan, diserbukkan, dan diekstraksi berulang dengan metanol; ekstrak dipartisi bertahap dengan n-heksana, campuran n-heksana-etil asetat, dan etil asetat; penelitian lain menggunakan ekstrak air atau etanol daun.",Tanaman Obat; Tanaman Estetik; Tanaman Toksik,3,Gangguan Sistem Pencernaan; Gangguan Endokrin; Gangguan Urologi; Gangguan Kulit (Dermatologi); Penyakit Infeksi; Gangguan Onkologi (Kanker),6
178,166,Fakultas Adab dan Humaniora,FAH,7,Gelombang cinta,Anthurium hookeri Kunth,Araceae,Daun; seluruh tanaman dan getah dalam konteks paparan toksik.,"Daun dikeringkan dan dibuat ekstrak dengan beberapa pelarut untuk skrining fitokimia, antioksidan, dan antibakteri in vitro. Tanaman dipelihara sebagai ornamental. Paparan tertelan atau kontak getah dicatat untuk pencegahan iritasi kalsium oksalat.",Tanaman Obat; Tanaman Estetik; Tanaman Toksik,3,Penyakit Infeksi,1
179,167,Fakultas Adab dan Humaniora,FAH,8,Bunga telang,Clitoria ternatea L.,Fabaceae,Akar; daun; bunga; biji; seluruh bagian aerial.,"Penggunaan tradisional mencakup dekokta, infusa, serbuk, dan pasta. Bunga juga digunakan sebagai pewarna atau minuman pangan. Penelitian memakai ekstrak air, etanol, metanol, fraksi, serta pemberian oral pada model hewan.",Tanaman Obat; Tanaman Estetik; Tanaman Toksik; Tanaman Buah dan Sayuran,4,Gangguan Sistem Pencernaan; Gangguan Sistem Saraf; Gangguan Psikiatri; Gangguan Endokrin; Gangguan Imunologi; Penyakit Infeksi,6
180,168,Fakultas Adab dan Humaniora,FAH,9,Beringin bonsai,Ficus retusa L.,Moraceae,Belum ditemukan bagian terapeutik yang terverifikasi.,Belum ditemukan cara pengolahan terapeutik yang terverifikasi.,Tanaman Estetik,1,,0
181,169,Fakultas Adab dan Humaniora,FAH,10,Pepaya,Carica papaya L.,Caricaceae,Akar; batang dan kulit batang; daun; bunga; buah matang dan mentah; kulit buah; biji; getah/lateks dan papain.,"Buah matang dikonsumsi segar, dibuat jus, atau diolah sebagai pangan; buah muda dimasak. Daun, akar, dan kulit batang dibuat infusa/dekokta atau perasan. Penelitian menggunakan ekstrak air, etanol, metanol, hidroalkohol, minyak biji, lateks/papain, fraksi, dan nanopartikel berbasis ekstrak.",Tanaman Obat; Tanaman Estetik; Tanaman Toksik; Tanaman Buah dan Sayuran,4,Gangguan Kardiovaskular; Gangguan Sistem Pencernaan; Gangguan Endokrin; Gangguan Imunologi; Gangguan Reumatologi; Gangguan Kulit (Dermatologi); Gangguan Hematologi; Penyakit Infeksi; Gangguan Onkologi (Kanker),9
182,170,Fakultas Adab dan Humaniora,FAH,11,Beringin bonsai,Ficus retusa L.,Moraceae,Belum ditemukan bagian terapeutik yang terverifikasi.,Belum ditemukan cara pengolahan terapeutik yang terverifikasi.,Tanaman Estetik,1,,0
183,171,Fakultas Adab dan Humaniora,FAH,12,Drasena tutul,Dracaena surculosa Lindl.,Asparagaceae,Belum ditemukan bagian terapeutik yang terverifikasi.,Belum ditemukan cara pengolahan terapeutik yang terverifikasi.,Tanaman Estetik; Tanaman Toksik,2,,0
184,172,Fakultas Adab dan Humaniora,FAH,13,Suruhan,Peperomia pellucida (L.) Kunth,Piperaceae,Seluruh tanaman; bagian aerial; daun; batang; akar.,"Seluruh tanaman dapat dikonsumsi mentah atau dimasak sebagai sayuran. Penggunaan tradisional mencakup infusa, dekokta, perasan, atau balur. Penelitian memakai ekstrak air, etanol, metanol, fraksinasi, isolasi senyawa, dan model in vitro atau hewan.",Tanaman Obat; Tanaman Buah dan Sayuran,2,Gangguan Kardiovaskular; Gangguan Sistem Pencernaan; Gangguan Ginjal; Gangguan Sistem Saraf; Gangguan Endokrin; Gangguan Urologi; Gangguan Imunologi; Gangguan Reumatologi; Gangguan Kulit (Dermatologi); Penyakit Infeksi,10
185,173,Fakultas Adab dan Humaniora,FAH,14,Kemangi hutan,Ocimum americanum L.,Lamiaceae,Daun; bunga; bagian aerial; minyak atsiri.,"Daun dan bagian aerial digunakan sebagai infusa atau dekokta dan sebagai bahan pangan aromatik. Penelitian menggunakan ekstrak air, etanol, metanol, serta minyak atsiri hasil distilasi untuk uji farmakologi dan antimikroba.",Tanaman Obat; Tanaman Toksik; Tanaman Buah dan Sayuran,3,Gangguan Kardiovaskular; Gangguan Sistem Pernapasan; Gangguan Sistem Pencernaan; Gangguan Imunologi; Gangguan Mata (Oftalmologi); Penyakit Infeksi,6
186,174,Fakultas Adab dan Humaniora,FAH,15,Kemangi hutan,Ocimum americanum L.,Lamiaceae,Daun; bunga; bagian aerial; minyak atsiri.,"Daun dan bagian aerial digunakan sebagai infusa atau dekokta dan sebagai bahan pangan aromatik. Penelitian menggunakan ekstrak air, etanol, metanol, serta minyak atsiri hasil distilasi untuk uji farmakologi dan antimikroba.",Tanaman Obat; Tanaman Toksik; Tanaman Buah dan Sayuran,3,Gangguan Kardiovaskular; Gangguan Sistem Pernapasan; Gangguan Sistem Pencernaan; Gangguan Imunologi; Gangguan Mata (Oftalmologi); Penyakit Infeksi,6
187,175,Fakultas Adab dan Humaniora,FAH,16,Kemangi hutan,Ocimum americanum L.,Lamiaceae,Daun; bunga; bagian aerial; minyak atsiri.,"Daun dan bagian aerial digunakan sebagai infusa atau dekokta dan sebagai bahan pangan aromatik. Penelitian menggunakan ekstrak air, etanol, metanol, serta minyak atsiri hasil distilasi untuk uji farmakologi dan antimikroba.",Tanaman Obat; Tanaman Toksik; Tanaman Buah dan Sayuran,3,Gangguan Kardiovaskular; Gangguan Sistem Pernapasan; Gangguan Sistem Pencernaan; Gangguan Imunologi; Gangguan Mata (Oftalmologi); Penyakit Infeksi,6
188,176,Fakultas Adab dan Humaniora,FAH,17,Terong,Solanum melongena L.,Solanaceae,Buah; kulit buah; biji; daun dan bagian aerial atau residu tanaman.,"Buah dimasak sebagai sayuran. Penelitian memanfaatkan bagian aerial pascapanen sebagai ekstrak kaya fenolik, dilanjutkan analisis kromatografi serta uji antioksidan, penghambatan α-glukosidase, antiinflamasi, antimikroba, dan sitotoksik in vitro.",Tanaman Obat; Tanaman Toksik; Tanaman Buah dan Sayuran,3,Gangguan Endokrin; Gangguan Imunologi; Penyakit Infeksi; Gangguan Onkologi (Kanker),4
189,177,Fakultas Adab dan Humaniora,FAH,18,Cabai rawit,Capsicum frutescens L.,Solanaceae,Buah.,"Buah dikonsumsi sebagai bumbu atau sayuran. Dalam penelitian, buah beberapa genotipe diekstraksi untuk analisis fenolik dan flavonoid, aktivitas antioksidan, serta penghambatan α-glukosidase in vitro. Ekstrak pekat tidak disamakan dengan konsumsi kuliner.",Tanaman Obat; Tanaman Estetik; Tanaman Toksik; Tanaman Buah dan Sayuran,4,Gangguan Endokrin,1
190,178,Fakultas Adab dan Humaniora,FAH,19,Rosela,Sabdariffa gossypiifolia (Mill.) M.M.Hanes & R.L.Barrett,Malvaceae,Kelopak atau kaliks; bunga; daun; biji; batang.,"Kaliks digunakan sebagai infusa panas atau dingin, teh, sirup, dan produk pangan. Penelitian membandingkan ekstrak air panas dan dingin, menganalisis profil metabolit, serta menguji efek antihipertensi dan kardioprotektif pada model hewan.",Tanaman Obat; Tanaman Estetik; Tanaman Buah dan Sayuran,3,Gangguan Kardiovaskular,1
191,179,Fakultas Adab dan Humaniora,FAH,20,Anggrek dendrobium,Dendrobium nobile Lindl.,Orchidaceae,Batang atau cane; daun; bunga; seluruh bagian aerial.,"Batang digunakan sebagai dekokta dalam pengobatan tradisional. Penelitian memakai ekstrak air atau etanol, polisakarida, alkaloid, bibenzil, dan senyawa terisolasi untuk uji in vitro serta model hewan.",Tanaman Obat; Tanaman Estetik,2,Gangguan Kardiovaskular; Gangguan Sistem Pencernaan; Gangguan Sistem Saraf; Gangguan Endokrin; Gangguan Imunologi; Gangguan Mata (Oftalmologi); Gangguan Kulit (Dermatologi); Gangguan Onkologi (Kanker),8
192,180,Fakultas Adab dan Humaniora,FAH,21,Philodendron jari,Philodendron bipinnatifidum Schott ex Endl.,Araceae,Belum ditemukan bagian terapeutik yang terverifikasi.,Belum ditemukan cara pengolahan terapeutik yang terverifikasi.,Tanaman Estetik; Tanaman Toksik,2,,0
193,181,Fakultas Adab dan Humaniora,FAH,22,Palem merah,Cyrtostachys renda Blume,Arecaceae,Belum ditemukan bagian terapeutik yang terverifikasi.,Belum ditemukan cara pengolahan terapeutik yang terverifikasi.,Tanaman Estetik,1,,0
194,182,Fakultas Adab dan Humaniora,FAH,23,Sinyo nakal,Duranta erecta L.,Verbenaceae,Daun; buah; bunga; akar; kulit batang atau batang.,"Penggunaan tradisional mencakup dekokta dan aplikasi lokal. Penelitian memakai ekstrak air, etanol, metanol, fraksinasi, minyak atsiri, dan senyawa terisolasi untuk uji antimikroba, antiinflamasi, antihiperglikemik, sitotoksik, dan toksikologi.",Tanaman Obat; Tanaman Estetik; Tanaman Toksik,3,Gangguan Endokrin; Gangguan Imunologi; Penyakit Infeksi; Gangguan Onkologi (Kanker),4
195,183,Fakultas Adab dan Humaniora,FAH,24,Paku sarang burung,Asplenium nidus L.,Aspleniaceae,Seluruh tanaman atau bagian aerial yang dikeringkan untuk ekstraksi.,"Bahan tanaman dikeringkan, diserbukkan, dan diekstraksi dengan metanol selama 48 jam. Ekstrak dipisahkan melalui kromatografi kolom; flavonoid terisolasi diuji antibakteri dan sitotoksik terhadap lini sel kanker secara in vitro.",Tanaman Obat; Tanaman Estetik,2,Penyakit Infeksi; Gangguan Onkologi (Kanker),2
196,184,Fakultas Adab dan Humaniora,FAH,25,Sri rezeki,Aglaonema costatum N.E.Br.,Araceae,Belum ditemukan bagian terapeutik yang terverifikasi.,Belum ditemukan cara pengolahan terapeutik yang terverifikasi.,Tanaman Estetik; Tanaman Toksik; Tanaman Buah dan Sayuran,3,,0
197,185,Fakultas Adab dan Humaniora,FAH,26,Bunga kana,Canna × hybrida Rodigas,Cannaceae,Belum ditemukan bagian terapeutik yang terverifikasi.,Belum ditemukan cara pengolahan terapeutik yang terverifikasi.,Tanaman Estetik,1,,0
198,186,Fakultas Adab dan Humaniora,FAH,27,Philodendron,Philodendron martianum Engl.,Araceae,Belum ditemukan bagian terapeutik yang terverifikasi.,Belum ditemukan cara pengolahan terapeutik yang terverifikasi.,Tanaman Estetik; Tanaman Toksik,2,,0
199,187,Fakultas Adab dan Humaniora,FAH,28,Walisongo,Heptapleurum actinophyllum (Endl.) Lowry & G.M.Plunkett,Araliaceae,Belum ditemukan bagian terapeutik yang terverifikasi.,Belum ditemukan cara pengolahan terapeutik yang terverifikasi.,Tanaman Estetik; Tanaman Toksik,2,,0
200,188,Fakultas Adab dan Humaniora,FAH,29,Ruelia,Ruellia simplex C.Wright,Acanthaceae,Daun.,"Daun dikeringkan dan diekstraksi; senyawa asam lemak diisolasi dan diuji untuk aktivitas antinosiseptif, antiinflamasi, dan antidiabetes melalui pengujian in vitro atau model hewan. Tanaman juga digunakan sebagai ornamental.",Tanaman Obat; Tanaman Estetik,2,Gangguan Sistem Saraf; Gangguan Endokrin; Gangguan Imunologi,3
201,189,Fakultas Adab dan Humaniora,FAH,30,Drasena,Dracaena angustifolia (Medik.) Roxb.,Asparagaceae,Bahan tanaman yang digunakan untuk isolasi saponin steroid.,Bahan tanaman diekstraksi dan dipisahkan melalui metode kromatografi untuk mengisolasi saponin steroid. Senyawa diuji terhadap produksi superoksida dan pelepasan elastase pada neutrofil manusia secara in vitro.,Tanaman Obat; Tanaman Estetik,2,Gangguan Imunologi,1
202,190,Fakultas Adab dan Humaniora,FAH,31,Helikonia,Heliconia psittacorum L.f.,Heliconiaceae,Daun,"Daun dimaserasi dengan metanol; ekstrak kemudian dipartisi menjadi fraksi kloroform dan fraksi air untuk pengujian antiproliferatif, sitotoksik, dan antioksidan.",Tanaman Obat; Tanaman Estetik,2,Gangguan Onkologi (Kanker),1
203,191,Fakultas Adab dan Humaniora,FAH,32,Meniran merah,Phyllanthus reticulatus Poir.,Phyllanthaceae,Daun; kulit batang.,"Daun dan kulit batang diekstraksi dengan metanol atau air, dianalisis dengan UPLC-ESI-TOF-MS, dan diuji terhadap asetilkolinesterase, tirosinase, elastase, α-amilase, α-glukosidase, serta bakteri secara in vitro.",Tanaman Obat,1,Gangguan Sistem Saraf; Gangguan Endokrin; Gangguan Kulit (Dermatologi); Penyakit Infeksi,4
204,192,Fakultas Adab dan Humaniora,FAH,33,Mangga,Mangifera indica L.,Anacardiaceae,Akar; kulit batang; daun; bunga; buah dan daging buah; kulit buah; biji/kernel; getah/lateks.,"Buah dikonsumsi segar atau sebagai jus dan produk pangan. Daun, kulit batang, kulit buah, akar, bunga, dan kernel dibuat infusa/dekokta atau diekstraksi dengan air, etanol, metanol, hidroalkohol, dan pelarut lain. Fraksi, mangiferin, polifenol, serta produk seperti ekstrak kulit batang juga diteliti.",Tanaman Obat; Tanaman Estetik; Tanaman Toksik; Tanaman Buah dan Sayuran,4,Gangguan Kardiovaskular; Gangguan Sistem Pencernaan; Gangguan Endokrin; Gangguan Imunologi; Gangguan Reumatologi; Gangguan Kulit (Dermatologi); Penyakit Infeksi; Gangguan Onkologi (Kanker),8
205,193,Fakultas Adab dan Humaniora,FAH,34,Kurma,Phoenix dactylifera L.,Arecaceae,Buah; biji atau pit; serbuk sari; daun; rachis; kulit batang.,"Buah dikonsumsi segar atau dikeringkan sebagai pangan. Penelitian menggunakan ekstrak air, etanol atau pelarut lain dari buah, biji, serbuk sari, dan bagian vegetatif; fraksi serta senyawa bioaktif diuji in vitro dan pada model hewan.",Tanaman Obat; Tanaman Estetik; Tanaman Buah dan Sayuran,3,Gangguan Kardiovaskular; Gangguan Sistem Pernapasan; Gangguan Sistem Pencernaan; Gangguan Endokrin; Gangguan Imunologi; Penyakit Infeksi; Gangguan Onkologi (Kanker),7
206,194,Fakultas Adab dan Humaniora,FAH,35,Drasena tutul,Dracaena surculosa Lindl.,Asparagaceae,Belum ditemukan bagian terapeutik yang terverifikasi.,Belum ditemukan cara pengolahan terapeutik yang terverifikasi.,Tanaman Estetik; Tanaman Toksik,2,,0
207,195,Fakultas Adab dan Humaniora,FAH,36,Poliscias,Polyscias guilfoylei (W.Bull) L.H.Bailey,Araliaceae,Daun.,Daun diekstraksi dan difraksinasi untuk mengisolasi sembilan senyawa. Ekstrak dan senyawa diuji terhadap pelepasan histamin secara in vitro. Tanaman juga dipelihara sebagai ornamental.,Tanaman Obat; Tanaman Estetik; Tanaman Toksik; Tanaman Buah dan Sayuran,4,Gangguan Imunologi,1
208,196,Fakultas Adab dan Humaniora,FAH,37,Alpukat,Persea americana Mill.,Lauraceae,Akar; kulit batang dan batang; daun; bunga; buah dan kulit buah; biji.,"Buah dikonsumsi segar atau sebagai pangan olahan. Daun, akar, dan kulit batang digunakan sebagai infusa/dekokta; daun, biji, kulit buah, dan bagian lain diekstraksi dengan air, etanol, metanol, hidroalkohol, atau pelarut lain untuk uji farmakologi. Minyak buah/biji dan fraksi/isolat juga dilaporkan.",Tanaman Obat; Tanaman Estetik; Tanaman Toksik; Tanaman Buah dan Sayuran,4,Gangguan Kardiovaskular; Gangguan Sistem Pencernaan; Gangguan Ginjal; Gangguan Sistem Saraf; Gangguan Endokrin; Gangguan Urologi; Gangguan Reumatologi; Gangguan Kulit (Dermatologi); Penyakit Infeksi; Gangguan Onkologi (Kanker),10
209,197,Fakultas Adab dan Humaniora,FAH,38,Jambu air,Syzygium samarangense (Blume) Merr. & L.M.Perry,Myrtaceae,Buah; daun; kulit batang; akar; bunga; biji.,"Buah dikonsumsi segar atau diolah menjadi minuman, selai, jeli, cuka, dan produk pangan. Penggunaan tradisional mencakup infusa atau dekokta. Penelitian menggunakan ekstrak air, etanol, metanol, fraksi, minyak, dan senyawa terisolasi untuk uji in vitro atau model hewan.",Tanaman Obat; Tanaman Estetik; Tanaman Buah dan Sayuran,3,Gangguan Sistem Pernapasan; Gangguan Sistem Pencernaan; Gangguan Sistem Saraf; Gangguan Psikiatri; Gangguan Endokrin; Gangguan Imunologi; Gangguan Kulit (Dermatologi); Gangguan Hematologi; Penyakit Infeksi; Gangguan Onkologi (Kanker),10
210,198,Fakultas Adab dan Humaniora,FAH,39,Loropetalum,Loropetalum chinense (R.Br.) Oliv.,Hamamelidaceae,Daun dan/atau bagian aerial; ellagic acid sebagai komponen representatif.,"Bahan tanaman diekstraksi; komponen dianalisis dengan UHPLC-MS/MS, network pharmacology, transkriptomik, lipidomik, dan RT-qPCR, serta diuji pada model kerusakan mukosa gastrointestinal ikan zebra.",Tanaman Obat; Tanaman Estetik,2,Gangguan Sistem Pencernaan,1
211,199,Fakultas Adab dan Humaniora,FAH,40,Bromelia raksasa,Alcantarea imperialis (Carrière) Harms,Bromeliaceae,Belum ditemukan bagian terapeutik yang terverifikasi.,Belum ditemukan cara pengolahan terapeutik yang terverifikasi.,Tanaman Estetik,1,,0
212,200,Fakultas Adab dan Humaniora,FAH,41,Bunga telang,Clitoria ternatea L.,Fabaceae,Akar; daun; bunga; biji; seluruh bagian aerial.,"Penggunaan tradisional mencakup dekokta, infusa, serbuk, dan pasta. Bunga juga digunakan sebagai pewarna atau minuman pangan. Penelitian memakai ekstrak air, etanol, metanol, fraksi, serta pemberian oral pada model hewan.",Tanaman Obat; Tanaman Estetik; Tanaman Toksik; Tanaman Buah dan Sayuran,4,Gangguan Sistem Pencernaan; Gangguan Sistem Saraf; Gangguan Psikiatri; Gangguan Endokrin; Gangguan Imunologi; Penyakit Infeksi,6
213,201,Fakultas Adab dan Humaniora,FAH,42,Jambu bol,Syzygium malaccense (L.) Merr. & L.M.Perry,Myrtaceae,Buah; kulit buah; biji; daun; kulit batang atau batang.,"Buah dikonsumsi segar atau diolah sebagai pangan. Penelitian menggunakan ekstrak terstandar dan ekstrak pelarut dari daun, buah, atau batang untuk analisis fitokimia, antioksidan, dan penghambatan enzim terkait glikemia secara in vitro.",Tanaman Obat; Tanaman Estetik; Tanaman Buah dan Sayuran,3,Gangguan Endokrin,1
214,202,Fakultas Adab dan Humaniora,FAH,43,Perilla,Perilla frutescens (L.) Britton,Lamiaceae,Daun; biji; minyak biji; bagian aerial.,Daun dikonsumsi atau diekstraksi; biji diolah menjadi minyak; ekstrak dan senyawa terisolasi ditelaah dalam studi farmakologi.,Tanaman Obat; Tanaman Estetik; Tanaman Buah dan Sayuran,3,Gangguan Sistem Pencernaan; Gangguan Sistem Saraf; Gangguan Psikiatri; Gangguan Imunologi; Penyakit Infeksi; Gangguan Onkologi (Kanker),6
215,203,Fakultas Adab dan Humaniora,FAH,44,Soka merah,Ixora coccinea L.,Rubiaceae,Daun; bunga; akar; kulit batang; buah,"Bagian tanaman digunakan sebagai rebusan/dekokta, infusa, tumbukan atau sediaan topikal; penelitian menggunakan ekstrak metanol, etanol, dan alkohol serta fraksinasi pelarut.",Tanaman Obat; Tanaman Estetik; Tanaman Buah dan Sayuran,3,Gangguan Kardiovaskular; Gangguan Sistem Pencernaan; Gangguan Psikiatri; Gangguan Ginekologi dan Obstetri; Gangguan Mata (Oftalmologi); Gangguan Kulit (Dermatologi); Penyakit Infeksi; Gangguan Onkologi (Kanker),8
216,204,Fakultas Adab dan Humaniora,FAH,45,Jeruk nipis,Citrus × aurantiifolia (Christm.) Swingle,Rutaceae,Buah dan sari buah; kulit buah; daun; biji; akar; batang atau kulit batang; minyak atsiri.,Buah dikonsumsi atau diperas; bagian tanaman diekstraksi dengan air atau pelarut organik; minyak atsiri diperoleh melalui penyulingan dan diuji terutama secara in vitro atau praklinik.,Tanaman Obat; Tanaman Estetik; Tanaman Buah dan Sayuran,3,Gangguan Imunologi; Penyakit Infeksi; Gangguan Onkologi (Kanker),3
217,205,Fakultas Adab dan Humaniora,FAH,46,Jambu air,Syzygium samarangense (Blume) Merr. & L.M.Perry,Myrtaceae,Buah; daun; kulit batang; akar; bunga; biji.,"Buah dikonsumsi segar atau diolah menjadi minuman, selai, jeli, cuka, dan produk pangan. Penggunaan tradisional mencakup infusa atau dekokta. Penelitian menggunakan ekstrak air, etanol, metanol, fraksi, minyak, dan senyawa terisolasi untuk uji in vitro atau model hewan.",Tanaman Obat; Tanaman Estetik; Tanaman Buah dan Sayuran,3,Gangguan Sistem Pernapasan; Gangguan Sistem Pencernaan; Gangguan Sistem Saraf; Gangguan Psikiatri; Gangguan Endokrin; Gangguan Imunologi; Gangguan Kulit (Dermatologi); Gangguan Hematologi; Penyakit Infeksi; Gangguan Onkologi (Kanker),10
218,206,Fakultas Adab dan Humaniora,FAH,47,Asystasia,Asystasia intrusa (Forssk.) Blume,Acanthaceae,Daun.,"Serbuk daun kering dimaserasi dengan metanol; ekstrak diuji in vitro terhadap produksi nitric oxide makrofag, proliferasi limfosit, dan viabilitas makrofag.",Tanaman Obat; Tanaman Estetik; Tanaman Liar,3,Gangguan Imunologi,1
219,207,Fakultas Adab dan Humaniora,FAH,48,Lidah mertua paus,Dracaena masoniana (Chahin.) Byng & Christenh.,Asparagaceae,Belum ditemukan bagian terapeutik yang terverifikasi.,Belum ditemukan cara pengolahan terapeutik yang terverifikasi.,Tanaman Estetik,1,,0
220,208,Fakultas Adab dan Humaniora,FAH,49,Palem putri,Adonidia merrillii (Becc.) Becc.,Arecaceae,Buah dan perikarp; biji atau kernel dan minyak biji; daun; bunga.,"Penggunaan tradisional dan pangan dibedakan dari penelitian. Studi menggunakan ekstrak metanol atau pelarut lain dari buah, perikarp, dan biji, pengepresan atau analisis minyak, serta uji antibakteri dan sitotoksik in vitro.",Tanaman Obat; Tanaman Estetik; Tanaman Buah dan Sayuran,3,Gangguan Sistem Pencernaan; Gangguan Sistem Saraf; Penyakit Infeksi; Gangguan Onkologi (Kanker),4
221,209,Fakultas Adab dan Humaniora,FAH,50,Philodendron,Philodendron burle-marxii G.M.Barroso,Araceae,Belum ditemukan bagian terapeutik yang terverifikasi.,Belum ditemukan cara pengolahan terapeutik yang terverifikasi.,Tanaman Estetik; Tanaman Toksik,2,,0
222,210,Fakultas Adab dan Humaniora,FAH,51,Mawar,Rosa abietina Gren. ex Christ,Rosaceae,Belum ditemukan bagian terapeutik yang terverifikasi.,Belum ditemukan cara pengolahan terapeutik yang terverifikasi.,Tanaman Estetik,1,,0
223,211,Fakultas Adab dan Humaniora,FAH,52,Matoa,Pometia pinnata J.R.Forst. & G.Forst.,Sapindaceae,Daun; kulit batang; buah dan kulit buah; akar.,Bagian tanaman diekstraksi dengan air atau pelarut organik; buah dikonsumsi; kajian juga mencakup formulasi topikal dan oral.,Tanaman Obat; Tanaman Estetik; Tanaman Buah dan Sayuran,3,Gangguan Kardiovaskular; Gangguan Sistem Pencernaan; Gangguan Ginjal; Gangguan Endokrin; Gangguan Reumatologi; Penyakit Infeksi; Gangguan Onkologi (Kanker); Gangguan Nutrisi,8
224,212,Fakultas Adab dan Humaniora,FAH,53,Lengkeng,Dimocarpus longan Lour.,Sapindaceae,Daging buah atau aril; perikarp; biji; daun; bunga.,"Buah dikonsumsi; perikarp, biji, daun, dan bunga dibuat ekstrak atau fraksi untuk kajian fitokimia dan farmakologi.",Tanaman Obat; Tanaman Estetik; Tanaman Buah dan Sayuran,3,Gangguan Sistem Pencernaan; Gangguan Sistem Saraf; Gangguan Endokrin; Gangguan Ginekologi dan Obstetri; Gangguan Imunologi; Gangguan Reumatologi; Gangguan Kulit (Dermatologi); Penyakit Infeksi; Gangguan Onkologi (Kanker),9
225,213,Fakultas Adab dan Humaniora,FAH,54,Gewor,Commelina benghalensis L.,Commelinaceae,Daun.,"Daun dibuat ekstrak air dan diberikan oral pada tikus untuk pengujian diuresis, elektrolit urin, serta parameter biokimia plasma dan urin.",Tanaman Obat; Tanaman Toksik; Tanaman Liar; Tanaman Buah dan Sayuran,4,Gangguan Ginjal,1
226,214,Fakultas Adab dan Humaniora,FAH,55,Daun api-api,Pouzolzia zeylanica (L.) Benn.,Urticaceae,Daun.,"Daun dikeringkan, dihilangkan lemaknya dengan petroleum eter, lalu diekstraksi metanol menggunakan Soxhlet; ekstrak diuji pada model artritis tikus.",Tanaman Obat; Tanaman Liar,2,Gangguan Reumatologi,1
227,215,Fakultas Adab dan Humaniora,FAH,56,Cabai rawit,Capsicum frutescens L.,Solanaceae,Buah.,"Buah dikonsumsi sebagai bumbu atau sayuran. Dalam penelitian, buah beberapa genotipe diekstraksi untuk analisis fenolik dan flavonoid, aktivitas antioksidan, serta penghambatan α-glukosidase in vitro. Ekstrak pekat tidak disamakan dengan konsumsi kuliner.",Tanaman Obat; Tanaman Estetik; Tanaman Toksik; Tanaman Buah dan Sayuran,4,Gangguan Endokrin,1
228,216,Fakultas Adab dan Humaniora,FAH,57,Palem putri,Adonidia merrillii (Becc.) Becc.,Arecaceae,Buah dan perikarp; biji atau kernel dan minyak biji; daun; bunga.,"Penggunaan tradisional dan pangan dibedakan dari penelitian. Studi menggunakan ekstrak metanol atau pelarut lain dari buah, perikarp, dan biji, pengepresan atau analisis minyak, serta uji antibakteri dan sitotoksik in vitro.",Tanaman Obat; Tanaman Estetik; Tanaman Buah dan Sayuran,3,Gangguan Sistem Pencernaan; Gangguan Sistem Saraf; Penyakit Infeksi; Gangguan Onkologi (Kanker),4
229,217,Fakultas Adab dan Humaniora,FAH,58,Cissus,Cissus repens Lam.,Vitaceae,Bahan tanaman kering yang diekstraksi sesuai artikel.,"Ekstraksi panas dan dingin dengan beberapa pelarut; diuji in vitro untuk aktivitas antimikroba dan antioksidan, sitotoksisitas sel 3T3, serta toksisitas awal pada benih.",Tanaman Obat; Tanaman Toksik; Tanaman Liar,3,Penyakit Infeksi,1
230,218,Fakultas Adab dan Humaniora,FAH,59,Cabai habanero/cabai cina,Capsicum chinense Jacq.,Solanaceae,Buah; perikarp/daging buah; plasenta; biji.,"Buah dikonsumsi segar, dimasak, dikeringkan, atau digiling sebagai bumbu dan pangan. Penelitian menggunakan ekstrak buah serta isolasi/kuantifikasi kapsaisin; ekstrak dan senyawa diuji terhadap α-glukosidase, α-amilase, kandungan fenolik/flavonoid, dan aktivitas antioksidan.",Tanaman Obat; Tanaman Estetik; Tanaman Buah dan Sayuran,3,Gangguan Endokrin,1
231,219,Fakultas Adab dan Humaniora,FAH,60,Osmoxylon,Osmoxylon lineare (Merr.) Philipson,Araliaceae,Belum ditemukan bagian terapeutik yang terverifikasi.,Belum ditemukan cara pengolahan terapeutik yang terverifikasi.,Tanaman Estetik,1,,0
232,220,Fakultas Adab dan Humaniora,FAH,61,Pacing,Costus spiralis (Jacq.) Roscoe,Costaceae,Daun.,"Daun dikeringkan dan diekstraksi secara hidroetanol; ekstrak dan fraksi diuji pada model inflamasi, nosisepsi, artritis, serta nefrotoksisitas cisplatin pada hewan.",Tanaman Obat; Tanaman Estetik,2,Gangguan Ginjal; Gangguan Reumatologi; Penyakit Infeksi,3
233,221,Fakultas Adab dan Humaniora,FAH,62,Anting putri,Wrightia religiosa (Teijsm. & Binn.) Benth. ex Kurz,Apocynaceae,"Daun, tangkai daun, kulit batang, buah, dan bagian aerial.","Bagian aerial diekstraksi dengan etanol dan diuji in vitro untuk aktivitas antioksidan, inhibisi tirosinase, serta penghambatan auto-oksidasi DOPA; tanaman dipertahankan sebagai ornamental.",Tanaman Obat; Tanaman Estetik,2,Gangguan Kulit (Dermatologi),1
234,222,Fakultas Adab dan Humaniora,FAH,63,Kamboja merah,Plumeria rubra L.,Apocynaceae,Akar; kulit batang dan batang; daun; bunga; buah dan biji; getah/lateks.,"Bagian tanaman digunakan sebagai dekokta atau infusa, serbuk, tumbukan/pasta, dan aplikasi getah secara topikal dalam laporan etnomedis. Penelitian menggunakan ekstrak air, etanol, metanol, petroleum eter, kloroform, dan fraksi/isolat untuk uji farmakologi dan toksikologi.",Tanaman Obat; Tanaman Estetik; Tanaman Toksik; Tanaman Buah dan Sayuran,4,Gangguan Sistem Pencernaan; Gangguan Sistem Saraf; Gangguan Endokrin; Gangguan Imunologi; Gangguan Reumatologi; Gangguan Kulit (Dermatologi); Penyakit Infeksi; Gangguan Onkologi (Kanker),8
235,223,Fakultas Adab dan Humaniora,FAH,64,Philodendron,Philodendron giganteum Schott,Araceae,Belum ditemukan bagian terapeutik yang terverifikasi.,Belum ditemukan cara pengolahan terapeutik yang terverifikasi.,Tanaman Estetik; Tanaman Toksik,2,,0
236,224,Fakultas Adab dan Humaniora,FAH,65,Ara,Ficus callosa Willd.,Moraceae,Belum ditemukan bagian terapeutik yang terverifikasi.,Belum ditemukan cara pengolahan terapeutik yang terverifikasi.,Tanaman Estetik,1,,0
237,225,Fakultas Adab dan Humaniora,FAH,66,Nephrolepis,Nephrolepis cordifolia (L.) C.Presl,Nephrolepidaceae,"Ental muda, umbi atau rimpang, dan bagian aerial.",Ental muda dan umbi digunakan sebagai pangan setelah pengolahan yang sesuai; ekstrak etanol dan fraksi etil asetat diuji in vitro serta pada model diabetes aloksan pada tikus.,Tanaman Obat; Tanaman Estetik; Tanaman Liar; Tanaman Buah dan Sayuran,4,Gangguan Sistem Pernapasan; Gangguan Endokrin; Gangguan Reumatologi; Gangguan Nutrisi,4
238,226,Fakultas Adab dan Humaniora,FAH,67,Osmoxylon,Osmoxylon lineare (Merr.) Philipson,Araliaceae,Belum ditemukan bagian terapeutik yang terverifikasi.,Belum ditemukan cara pengolahan terapeutik yang terverifikasi.,Tanaman Estetik,1,,0
239,227,Fakultas Adab dan Humaniora,FAH,68,Matoa,Pometia pinnata J.R.Forst. & G.Forst.,Sapindaceae,Daun; kulit batang; buah dan kulit buah; akar.,Bagian tanaman diekstraksi dengan air atau pelarut organik; buah dikonsumsi; kajian juga mencakup formulasi topikal dan oral.,Tanaman Obat; Tanaman Estetik; Tanaman Buah dan Sayuran,3,Gangguan Kardiovaskular; Gangguan Sistem Pencernaan; Gangguan Ginjal; Gangguan Endokrin; Gangguan Reumatologi; Penyakit Infeksi; Gangguan Onkologi (Kanker); Gangguan Nutrisi,8
240,228,Fakultas Adab dan Humaniora,FAH,69,Nangka,Artocarpus heterophyllus Lam.,Moraceae,"Buah muda dan matang, biji, daun, kulit batang, dan akar.","Buah dikonsumsi segar atau dimasak; biji direbus, dipanggang, atau dijadikan tepung; bagian lain dibuat ekstrak air atau alkohol untuk penggunaan tradisional dan pengujian nonklinis.",Tanaman Obat; Tanaman Estetik; Tanaman Buah dan Sayuran,3,Gangguan Kardiovaskular; Gangguan Sistem Pencernaan; Gangguan Endokrin; Penyakit Infeksi; Gangguan Onkologi (Kanker),5
241,229,Fakultas Adab dan Humaniora,FAH,70,Mimba,Azadirachta indica A.Juss.,Meliaceae,"Daun, kulit batang, biji dan minyak biji, bunga, buah, serta akar.",Bagian tanaman dibuat sebagai dekokta atau ekstrak; minyak neem digunakan secara topikal. Aktivitas dirangkum terutama dari studi in vitro dan praklinik; penggunaan memerlukan kehati-hatian karena potensi toksisitas.,Tanaman Obat; Tanaman Estetik; Tanaman Toksik,3,Gangguan Sistem Pencernaan; Gangguan Endokrin; Gangguan Imunologi; Gangguan Kulit (Dermatologi); Penyakit Infeksi; Gangguan Onkologi (Kanker),6
242,230,Fakultas Adab dan Humaniora,FAH,71,Kelapa,Cocos nucifera L.,Arecaceae,"Akar; daun; bunga/perbungaan; buah (air kelapa/endosperma cair, daging/endosperma padat, santan, minyak, sabut/mesokarp, dan tempurung/endokarp).","Air dan daging buah digunakan segar; daging diperas menjadi santan; minyak diperoleh dari kopra/daging buah; akar, daun, bunga, sabut, tempurung, dan bagian buah dibuat sebagai dekokta atau ekstrak air, etanol, metanol, dan pelarut lain untuk pengujian; beberapa sediaan digunakan oral atau topikal sesuai literatur.",Tanaman Obat; Tanaman Estetik; Tanaman Toksik; Tanaman Buah dan Sayuran,4,Gangguan Kardiovaskular; Gangguan Sistem Pencernaan; Gangguan Ginjal; Gangguan Sistem Saraf; Gangguan Endokrin; Gangguan Reumatologi; Penyakit Infeksi; Gangguan Onkologi (Kanker),8
243,231,Fakultas Adab dan Humaniora,FAH,72,Pisang,Musa acuminata Colla,Musaceae,"Buah, kulit buah, bunga, daun, batang semu, getah, dan akar.","Buah digunakan segar atau dimasak; bagian lain dibuat sebagai jus, dekokta, bubuk, atau ekstrak pelarut untuk penggunaan tradisional dan pengujian nonklinis.",Tanaman Obat; Tanaman Estetik; Tanaman Buah dan Sayuran,3,Gangguan Sistem Pencernaan; Gangguan Endokrin; Gangguan Kulit (Dermatologi); Penyakit Infeksi,4
244,232,Fakultas Adab dan Humaniora,FAH,73,Patah tulang,Euphorbia tirucalli L.,Euphorbiaceae,"Lateks, batang, akar, dan bagian aerial.","Lateks dilaporkan dalam penggunaan tradisional topikal, sedangkan ekstrak berbagai pelarut diuji secara nonklinis. Getah bersifat iritan dan vesikan sehingga tidak boleh digunakan sembarangan.",Tanaman Obat; Tanaman Estetik; Tanaman Toksik,3,Gangguan Sistem Pernapasan; Gangguan Reumatologi; Gangguan Kulit (Dermatologi); Penyakit Infeksi; Gangguan Onkologi (Kanker),5
245,233,Fakultas Ilmu Sosial dan Ilmu Politik,FISIP,1,Sirih hutan,Piper aduncum L.,Piperaceae,"Daun, buah, akar, dan minyak atsiri bagian aerial.","Daun dan akar dibuat sebagai dekokta atau ekstrak; minyak atsiri diperoleh dengan hidrodistilasi dan dianalisis menggunakan GC-MS, kemudian diuji in vitro terhadap bakteri, jamur, dan protozoa.",Tanaman Obat; Tanaman Estetik; Tanaman Toksik; Tanaman Liar,4,Gangguan Sistem Pencernaan; Gangguan Kulit (Dermatologi); Penyakit Infeksi; Gangguan Onkologi (Kanker),4
246,234,Fakultas Ilmu Sosial dan Ilmu Politik,FISIP,2,Cissus,Cissus repens Lam.,Vitaceae,Bahan tanaman kering yang diekstraksi sesuai artikel.,"Ekstraksi panas dan dingin dengan beberapa pelarut; diuji in vitro untuk aktivitas antimikroba dan antioksidan, sitotoksisitas sel 3T3, serta toksisitas awal pada benih.",Tanaman Obat; Tanaman Toksik; Tanaman Liar,3,Penyakit Infeksi,1
247,235,Fakultas Ilmu Sosial dan Ilmu Politik,FISIP,3,Bloodberry,Rivina humilis L.,Petiveriaceae,Belum ditemukan bagian terapeutik yang terverifikasi.,Belum ditemukan cara pengolahan terapeutik yang terverifikasi.,Tanaman Estetik; Tanaman Toksik; Tanaman Buah dan Sayuran,3,,0
248,236,Fakultas Ilmu Sosial dan Ilmu Politik,FISIP,4,Philodendron jari,Philodendron bipinnatifidum Schott ex Endl.,Araceae,Belum ditemukan bagian terapeutik yang terverifikasi.,Belum ditemukan cara pengolahan terapeutik yang terverifikasi.,Tanaman Estetik; Tanaman Toksik,2,,0
249,237,Fakultas Ilmu Sosial dan Ilmu Politik,FISIP,5,Ara,Ficus callosa Willd.,Moraceae,Belum ditemukan bagian terapeutik yang terverifikasi.,Belum ditemukan cara pengolahan terapeutik yang terverifikasi.,Tanaman Estetik,1,,0
250,238,Fakultas Ilmu Sosial dan Ilmu Politik,FISIP,6,Ara,Ficus callosa Willd.,Moraceae,Belum ditemukan bagian terapeutik yang terverifikasi.,Belum ditemukan cara pengolahan terapeutik yang terverifikasi.,Tanaman Estetik,1,,0
251,239,Fakultas Ilmu Sosial dan Ilmu Politik,FISIP,7,Dieffenbachia,Dieffenbachia seguine (Jacq.) Schott,Araceae,Belum ditemukan bagian terapeutik yang terverifikasi.,Belum ditemukan cara pengolahan terapeutik yang terverifikasi.,Tanaman Estetik; Tanaman Toksik,2,,0
252,240,Fakultas Ilmu Sosial dan Ilmu Politik,FISIP,8,Pletekan,Ruellia tuberosa L.,Acanthaceae,"Daun, bunga, akar, dan akar menebal/umbi.",Rebusan atau infus tradisional; ekstrak pelarut daun/akar. Ekstrak etil asetat daun diuji in vitro pada sel MCF-7.,Tanaman Obat; Tanaman Estetik; Tanaman Liar,3,Gangguan Endokrin; Gangguan Kulit (Dermatologi); Penyakit Infeksi; Gangguan Onkologi (Kanker),4
253,241,Fakultas Ilmu Sosial dan Ilmu Politik,FISIP,9,Mahoni,Swietenia mahagoni (L.) Jacq.,Meliaceae,"Biji, kulit batang, dan daun.","Serbuk/rebusan biji secara tradisional; ekstrak air, etanol, atau metanol dan fraksi/isolat diuji in vitro serta pada hewan.",Tanaman Obat; Tanaman Estetik,2,Gangguan Sistem Pencernaan; Gangguan Endokrin; Penyakit Infeksi,3
254,242,Fakultas Ilmu Sosial dan Ilmu Politik,FISIP,10,Ficus,Ficus benjamina L.,Moraceae,Akar; kulit batang; daun; buah; lateks.,"Penggunaan tradisional mencakup rebusan, ekstrak, dan aplikasi lokal. Penelitian memakai ekstrak air, etanol, metanol, fraksi, minyak atau lateks, serta uji antimikroba, antiinflamasi, sitotoksik, dan aktivitas lain secara in vitro atau praklinik.",Tanaman Obat; Tanaman Estetik; Tanaman Toksik; Tanaman Buah dan Sayuran,4,Gangguan Imunologi; Gangguan Kulit (Dermatologi); Penyakit Infeksi; Gangguan Onkologi (Kanker),4
255,243,Fakultas Ilmu Sosial dan Ilmu Politik,FISIP,11,Mahoni daun lebar,Swietenia macrophylla King,Meliaceae,Biji (utama); daun dan kulit batang dilaporkan dalam literatur pendukung.,Biji dikeringkan menjadi serbuk atau diekstraksi dengan air/pelarut organik; fraksi dan ligan PPARγ diuji pada sel dan model hewan.,Tanaman Obat; Tanaman Estetik,2,Gangguan Endokrin,1
256,244,Fakultas Ilmu Sosial dan Ilmu Politik,FISIP,12,Palem phoenix,Phoenix roebelenii O'Brien,Arecaceae,Daun; buah.,"Dibudidayakan sebagai palem ornamental; buah dilaporkan sebagai pangan. Daun dan buah dikeringkan lalu diekstraksi dengan air–metanol, etanol, petroleum eter, atau difraksinasi dengan diklorometana. Ekstrak diuji hepatoprotektif berbasis sel, inhibisi ACE dan antihipertensi pada tikus, serta inhibisi enzim antidiabetes in vitro.",Tanaman Obat; Tanaman Estetik; Tanaman Buah dan Sayuran,3,Gangguan Kardiovaskular; Gangguan Sistem Pencernaan; Gangguan Endokrin,3
257,245,Fakultas Ilmu Sosial dan Ilmu Politik,FISIP,13,Nangka,Artocarpus heterophyllus Lam.,Moraceae,"Buah muda dan matang, biji, daun, kulit batang, dan akar.","Buah dikonsumsi segar atau dimasak; biji direbus, dipanggang, atau dijadikan tepung; bagian lain dibuat ekstrak air atau alkohol untuk penggunaan tradisional dan pengujian nonklinis.",Tanaman Obat; Tanaman Estetik; Tanaman Buah dan Sayuran,3,Gangguan Kardiovaskular; Gangguan Sistem Pencernaan; Gangguan Endokrin; Penyakit Infeksi; Gangguan Onkologi (Kanker),5
258,246,Fakultas Ilmu Sosial dan Ilmu Politik,FISIP,14,Teh-tehan,Acalypha siamensis Oliv. ex Gage,Euphorbiaceae,Daun.,"Daun diekstraksi dan dipartisi menggunakan heksana, diklorometana, etil asetat, dan metanol. Fraksi diuji terhadap bakteri dan kapang secara in vitro. Prosedur ini bukan anjuran penggunaan.",Tanaman Obat; Tanaman Estetik,2,Penyakit Infeksi,1
259,247,Fakultas Ilmu Sosial dan Ilmu Politik,FISIP,15,Mahoni daun lebar,Swietenia macrophylla King,Meliaceae,Biji (utama); daun dan kulit batang dilaporkan dalam literatur pendukung.,Biji dikeringkan menjadi serbuk atau diekstraksi dengan air/pelarut organik; fraksi dan ligan PPARγ diuji pada sel dan model hewan.,Tanaman Obat; Tanaman Estetik,2,Gangguan Endokrin,1
260,248,Fakultas Ilmu Sosial dan Ilmu Politik,FISIP,16,Mahoni daun lebar,Swietenia macrophylla King,Meliaceae,Biji (utama); daun dan kulit batang dilaporkan dalam literatur pendukung.,Biji dikeringkan menjadi serbuk atau diekstraksi dengan air/pelarut organik; fraksi dan ligan PPARγ diuji pada sel dan model hewan.,Tanaman Obat; Tanaman Estetik,2,Gangguan Endokrin,1
261,249,Fakultas Ilmu Sosial dan Ilmu Politik,FISIP,17,Teh-tehan,Acalypha siamensis Oliv. ex Gage,Euphorbiaceae,Daun.,"Daun diekstraksi dan dipartisi menggunakan heksana, diklorometana, etil asetat, dan metanol. Fraksi diuji terhadap bakteri dan kapang secara in vitro. Prosedur ini bukan anjuran penggunaan.",Tanaman Obat; Tanaman Estetik,2,Penyakit Infeksi,1
262,250,Fakultas Ilmu Sosial dan Ilmu Politik,FISIP,18,Pucuk merah,Syzygium paniculatum Gaertn.,Myrtaceae,Buah.,Buah dimanfaatkan sebagai pangan; ekstrak air buah diberikan oral pada tikus dengan resistensi insulin akibat diet tinggi lemak.,Tanaman Obat; Tanaman Estetik; Tanaman Buah dan Sayuran,3,Gangguan Endokrin; Gangguan Nutrisi,2
263,251,Fakultas Ilmu Sosial dan Ilmu Politik,FISIP,19,Beringin bonsai,Ficus retusa L.,Moraceae,Belum ditemukan bagian terapeutik yang terverifikasi.,Belum ditemukan cara pengolahan terapeutik yang terverifikasi.,Tanaman Estetik,1,,0
264,252,Fakultas Ilmu Sosial dan Ilmu Politik,FISIP,20,Sukun,Artocarpus altilis (Parkinson) Fosberg,Moraceae,"Buah/daging buah, daun, kulit batang, akar, dan lateks.","Buah dimasak, direbus, atau dipanggang sebagai pangan; daun dibuat ekstrak/rebusan. Kalkon tergeranilasi daun diuji terhadap agregasi trombosit.",Tanaman Obat; Tanaman Estetik; Tanaman Buah dan Sayuran,3,Gangguan Kardiovaskular; Gangguan Endokrin; Gangguan Imunologi; Penyakit Infeksi,4
265,253,Fakultas Ilmu Sosial dan Ilmu Politik,FISIP,21,Ara,Ficus callosa Willd.,Moraceae,Belum ditemukan bagian terapeutik yang terverifikasi.,Belum ditemukan cara pengolahan terapeutik yang terverifikasi.,Tanaman Estetik,1,,0
266,254,Fakultas Ilmu Sosial dan Ilmu Politik,FISIP,22,Sinyo nakal,Duranta erecta L.,Verbenaceae,Daun; buah; bunga; akar; kulit batang atau batang.,"Penggunaan tradisional mencakup dekokta dan aplikasi lokal. Penelitian memakai ekstrak air, etanol, metanol, fraksinasi, minyak atsiri, dan senyawa terisolasi untuk uji antimikroba, antiinflamasi, antihiperglikemik, sitotoksik, dan toksikologi.",Tanaman Obat; Tanaman Estetik; Tanaman Toksik,3,Gangguan Endokrin; Gangguan Imunologi; Penyakit Infeksi; Gangguan Onkologi (Kanker),4
267,255,Fakultas Ilmu Sosial dan Ilmu Politik,FISIP,23,Pacing,Costus spiralis (Jacq.) Roscoe,Costaceae,Daun.,"Daun dikeringkan dan diekstraksi secara hidroetanol; ekstrak dan fraksi diuji pada model inflamasi, nosisepsi, artritis, serta nefrotoksisitas cisplatin pada hewan.",Tanaman Obat; Tanaman Estetik,2,Gangguan Ginjal; Gangguan Reumatologi; Penyakit Infeksi,3
268,256,Fakultas Ilmu Sosial dan Ilmu Politik,FISIP,24,Tembelekan,Lantana canescens Kunth,Verbenaceae,"Bagian aerial, terutama daun, batang, dan bunga.","Bagian aerial dikeringkan dan digiling, kemudian diekstraksi menggunakan pelarut hidroetanol. Ekstrak dikarakterisasi secara kimia dan diberikan secara oral pada model tikus/mencit untuk menilai inflamasi, hiperalgesia, dan nosisepsi.",Tanaman Obat; Tanaman Estetik,2,Gangguan Sistem Saraf; Gangguan Imunologi; Gangguan Reumatologi,3
269,257,Fakultas Ilmu Sosial dan Ilmu Politik,FISIP,25,Soka,Ixora chinensis Lam.,Rubiaceae,Akar; batang; kulit batang; daun; bunga.,"Akar dibuat dekokta untuk keluhan lambung, masa setelah persalinan, dan keluhan bronkial; bunga dibuat dekokta atau infusa segar; akar, batang, daun, bunga, dan kulit batang digunakan sebagai ramuan tradisional. Daun dan kulit batang dikeringkan, diserbukkan, lalu dimaserasi dengan metanol; daun juga diekstraksi dengan metanol atau etanol untuk uji antibakteri dan antioksidan.",Tanaman Obat; Tanaman Estetik; Tanaman Buah dan Sayuran,3,Gangguan Kardiovaskular; Gangguan Sistem Pernapasan; Gangguan Sistem Pencernaan; Gangguan Ginekologi dan Obstetri; Gangguan Reumatologi; Gangguan Kulit (Dermatologi); Gangguan Hematologi; Penyakit Infeksi,8
270,258,Fakultas Ilmu Sosial dan Ilmu Politik,FISIP,26,Mahoni daun lebar,Swietenia macrophylla King,Meliaceae,Biji (utama); daun dan kulit batang dilaporkan dalam literatur pendukung.,Biji dikeringkan menjadi serbuk atau diekstraksi dengan air/pelarut organik; fraksi dan ligan PPARγ diuji pada sel dan model hewan.,Tanaman Obat; Tanaman Estetik,2,Gangguan Endokrin,1
271,259,Fakultas Ilmu Sosial dan Ilmu Politik,FISIP,27,Mahoni daun lebar,Swietenia macrophylla King,Meliaceae,Biji (utama); daun dan kulit batang dilaporkan dalam literatur pendukung.,Biji dikeringkan menjadi serbuk atau diekstraksi dengan air/pelarut organik; fraksi dan ligan PPARγ diuji pada sel dan model hewan.,Tanaman Obat; Tanaman Estetik,2,Gangguan Endokrin,1
272,260,Fakultas Ilmu Sosial dan Ilmu Politik,FISIP,28,Pucuk merah,Syzygium myrtifolium Walp.,Myrtaceae,Daun.,"Daun diekstraksi menggunakan pelarut berbeda; ekstrak diuji terhadap bakteri, jamur, dan virus secara in vitro.",Tanaman Obat; Tanaman Estetik,2,Penyakit Infeksi,1
273,261,Fakultas Ilmu Sosial dan Ilmu Politik,FISIP,29,Cordyline,Cordyline fruticosa (L.) A.Chev.,Asparagaceae,"Daun, akar/rimpang, batang, dan bunga sesuai penggunaan tradisional.",Rebusan/infus tradisional; ekstrak pelarut daun dan ekstrak fungi endofit diuji terhadap bakteri secara in vitro.,Tanaman Obat; Tanaman Estetik; Tanaman Buah dan Sayuran,3,Penyakit Infeksi,1
274,262,Fakultas Ilmu Sosial dan Ilmu Politik,FISIP,30,Sembung rambat,Pseudoconyza viscosa (Mill.) D'Arcy,Asteraceae,Belum ditemukan bagian terapeutik yang terverifikasi.,Belum ditemukan cara pengolahan terapeutik yang terverifikasi.,Tanaman Estetik; Tanaman Liar,2,,0
275,263,Fakultas Ilmu Sosial dan Ilmu Politik,FISIP,31,Kapulasan,Nephelium hypoleucum Kurz,Sapindaceae,"Buah: kulit/perikarp, daging buah/aril, dan biji.",Aril dikonsumsi sebagai pangan; bagian buah dikeringbekukan/diekstraksi dan diuji kandungan gizi serta inhibisi enzim secara in vitro.,Tanaman Obat; Tanaman Estetik; Tanaman Buah dan Sayuran,3,Gangguan Kardiovaskular; Gangguan Sistem Saraf; Gangguan Endokrin,3
276,264,Fakultas Ilmu Sosial dan Ilmu Politik,FISIP,32,Mangga,Mangifera indica L.,Anacardiaceae,Akar; kulit batang; daun; bunga; buah dan daging buah; kulit buah; biji/kernel; getah/lateks.,"Buah dikonsumsi segar atau sebagai jus dan produk pangan. Daun, kulit batang, kulit buah, akar, bunga, dan kernel dibuat infusa/dekokta atau diekstraksi dengan air, etanol, metanol, hidroalkohol, dan pelarut lain. Fraksi, mangiferin, polifenol, serta produk seperti ekstrak kulit batang juga diteliti.",Tanaman Obat; Tanaman Estetik; Tanaman Toksik; Tanaman Buah dan Sayuran,4,Gangguan Kardiovaskular; Gangguan Sistem Pencernaan; Gangguan Endokrin; Gangguan Imunologi; Gangguan Reumatologi; Gangguan Kulit (Dermatologi); Penyakit Infeksi; Gangguan Onkologi (Kanker),8
277,265,Fakultas Ilmu Sosial dan Ilmu Politik,FISIP,33,Mangga,Mangifera indica L.,Anacardiaceae,Akar; kulit batang; daun; bunga; buah dan daging buah; kulit buah; biji/kernel; getah/lateks.,"Buah dikonsumsi segar atau sebagai jus dan produk pangan. Daun, kulit batang, kulit buah, akar, bunga, dan kernel dibuat infusa/dekokta atau diekstraksi dengan air, etanol, metanol, hidroalkohol, dan pelarut lain. Fraksi, mangiferin, polifenol, serta produk seperti ekstrak kulit batang juga diteliti.",Tanaman Obat; Tanaman Estetik; Tanaman Toksik; Tanaman Buah dan Sayuran,4,Gangguan Kardiovaskular; Gangguan Sistem Pencernaan; Gangguan Endokrin; Gangguan Imunologi; Gangguan Reumatologi; Gangguan Kulit (Dermatologi); Penyakit Infeksi; Gangguan Onkologi (Kanker),8
278,266,Fakultas Ilmu Sosial dan Ilmu Politik,FISIP,34,Palem kuning,Chrysalidocarpus lutescens H.Wendl.,Arecaceae,Daun,Daun diekstraksi dengan etanol/alkohol dan dipisahkan secara kromatografi; ekstrak daun juga digunakan dalam sintesis hijau nanopartikel perak untuk uji antibakteri.,Tanaman Obat; Tanaman Estetik,2,Gangguan Sistem Pencernaan; Penyakit Infeksi,2
279,267,Fakultas Ilmu Sosial dan Ilmu Politik,FISIP,35,Drasena,Dracaena angustifolia (Medik.) Roxb.,Asparagaceae,Bahan tanaman yang digunakan untuk isolasi saponin steroid.,Bahan tanaman diekstraksi dan dipisahkan melalui metode kromatografi untuk mengisolasi saponin steroid. Senyawa diuji terhadap produksi superoksida dan pelepasan elastase pada neutrofil manusia secara in vitro.,Tanaman Obat; Tanaman Estetik,2,Gangguan Imunologi,1
280,268,Fakultas Ilmu Sosial dan Ilmu Politik,FISIP,36,Tanjung,Mimusops elengi L.,Sapotaceae,Akar; kulit batang dan batang; daun; bunga; buah; biji.,"Kulit batang, daun, bunga, akar, buah, dan biji digunakan sebagai dekokta, infusa, serbuk, pasta atau bahan yang dikunyah dalam penggunaan tradisional. Penelitian menggunakan ekstrak air, etanol, metanol, petroleum eter, kloroform, dan fraksi/isolat untuk pengujian in vitro dan in vivo.",Tanaman Obat; Tanaman Estetik; Tanaman Buah dan Sayuran,3,Gangguan Kardiovaskular; Gangguan Sistem Pencernaan; Gangguan Sistem Saraf; Gangguan Endokrin; Gangguan Urologi; Gangguan Imunologi; Gangguan Reumatologi; Gangguan Kulit (Dermatologi); Penyakit Infeksi; Gangguan Onkologi (Kanker),10
281,269,Fakultas Ilmu Sosial dan Ilmu Politik,FISIP,37,Jambu bol,Syzygium malaccense (L.) Merr. & L.M.Perry,Myrtaceae,Buah; kulit buah; biji; daun; kulit batang atau batang.,"Buah dikonsumsi segar atau diolah sebagai pangan. Penelitian menggunakan ekstrak terstandar dan ekstrak pelarut dari daun, buah, atau batang untuk analisis fitokimia, antioksidan, dan penghambatan enzim terkait glikemia secara in vitro.",Tanaman Obat; Tanaman Estetik; Tanaman Buah dan Sayuran,3,Gangguan Endokrin,1
282,270,Fakultas Ilmu Sosial dan Ilmu Politik,FISIP,38,Drasena,Dracaena angustifolia (Medik.) Roxb.,Asparagaceae,Bahan tanaman yang digunakan untuk isolasi saponin steroid.,Bahan tanaman diekstraksi dan dipisahkan melalui metode kromatografi untuk mengisolasi saponin steroid. Senyawa diuji terhadap produksi superoksida dan pelepasan elastase pada neutrofil manusia secara in vitro.,Tanaman Obat; Tanaman Estetik,2,Gangguan Imunologi,1
283,271,Fakultas Ilmu Sosial dan Ilmu Politik,FISIP,39,Adam hawa,Tradescantia spathacea Sw.,Commelinaceae,"Daun, bagian aerial, dan akar.","Rebusan/infus tradisional; ekstrak air atau pelarut daun/bagian aerial diuji antibakteri, antijamur, dan inhibisi PTP1B secara in vitro.",Tanaman Obat; Tanaman Estetik; Tanaman Toksik; Tanaman Buah dan Sayuran,4,Gangguan Sistem Pernapasan; Gangguan Endokrin; Gangguan Kulit (Dermatologi); Penyakit Infeksi,4
284,272,Fakultas Ilmu Sosial dan Ilmu Politik,FISIP,40,Sri rezeki,Aglaonema nitidum (Jack) Kunth,Araceae,Belum ditemukan bagian terapeutik yang terverifikasi.,Belum ditemukan cara pengolahan terapeutik yang terverifikasi.,Tanaman Estetik; Tanaman Toksik,2,,0
285,273,Fakultas Ilmu Sosial dan Ilmu Politik,FISIP,41,Lengkeng,Dimocarpus longan Lour.,Sapindaceae,Daging buah atau aril; perikarp; biji; daun; bunga.,"Buah dikonsumsi; perikarp, biji, daun, dan bunga dibuat ekstrak atau fraksi untuk kajian fitokimia dan farmakologi.",Tanaman Obat; Tanaman Estetik; Tanaman Buah dan Sayuran,3,Gangguan Sistem Pencernaan; Gangguan Sistem Saraf; Gangguan Endokrin; Gangguan Ginekologi dan Obstetri; Gangguan Imunologi; Gangguan Reumatologi; Gangguan Kulit (Dermatologi); Penyakit Infeksi; Gangguan Onkologi (Kanker),9
286,274,Fakultas Ilmu Sosial dan Ilmu Politik,FISIP,42,Musa,Musa basjoo Siebold ex Miq.,Musaceae,Daun kering,Daun dikeringkan dan dibuat ekstrak kasar; fraksi ekstrak diuji pada kultur sel kanker kolorektal HT29 dan HCT116.,Tanaman Obat; Tanaman Estetik,2,Gangguan Onkologi (Kanker),1
287,275,Fakultas Ilmu Sosial dan Ilmu Politik,FISIP,43,Ara,Ficus callosa Willd.,Moraceae,Belum ditemukan bagian terapeutik yang terverifikasi.,Belum ditemukan cara pengolahan terapeutik yang terverifikasi.,Tanaman Estetik,1,,0
288,276,Fakultas Ilmu Sosial dan Ilmu Politik,FISIP,44,Helikonia gantung,Heliconia rostrata Ruiz & Pav.,Heliconiaceae,Rimpang,"Rimpang diekstraksi dengan etanol dan metanol; ekstrak diuji pada sel HepG2, jaringan hati ex vivo, serta model tikus cedera hati kimia.",Tanaman Obat; Tanaman Estetik,2,Gangguan Sistem Pencernaan,1
289,277,Fakultas Ilmu Sosial dan Ilmu Politik,FISIP,45,Mahang,Macaranga tanarius (L.) Müll.Arg.,Euphorbiaceae,Daun,"Daun diekstraksi dan dipartisi; fraksi etil asetat dipisahkan dengan kromatografi untuk isolasi prenilflavonoid, kemudian diuji terhadap asetilkolinesterase dan dianalisis dengan docking.",Tanaman Obat; Tanaman Estetik; Tanaman Liar,3,Gangguan Sistem Saraf,1
290,278,Fakultas Ilmu Sosial dan Ilmu Politik,FISIP,46,Kamboja putih,Plumeria alba L.,Apocynaceae,Bunga,Bunga diekstraksi dengan metanol; komponen dianalisis menggunakan GC-MS dan ekstrak diuji terhadap bakteri serta jamur secara in vitro.,Tanaman Obat; Tanaman Estetik; Tanaman Toksik,3,Penyakit Infeksi,1
291,279,Fakultas Ilmu Sosial dan Ilmu Politik,FISIP,47,Sambang dara,Phyllanthus nivosus W.Bull,Phyllanthaceae,Bagian aerial.,"Bagian aerial dimaserasi menggunakan metanol dan diklorometana; ekstrak digunakan dalam uji in vitro/ex vivo dan diberikan oral pada model diabetes tikus. Studi lain menggunakan ekstrak metanol dan campuran poliherbal, tetapi bagian tanaman tidak dinyatakan jelas pada metadata yang dapat diverifikasi.",Tanaman Obat; Tanaman Estetik,2,Gangguan Sistem Pernapasan; Gangguan Sistem Pencernaan; Gangguan Sistem Saraf; Gangguan Endokrin,4
292,280,Fakultas Ilmu Sosial dan Ilmu Politik,FISIP,48,Pucuk merah,Syzygium myrtifolium Walp.,Myrtaceae,Daun.,"Daun diekstraksi menggunakan pelarut berbeda; ekstrak diuji terhadap bakteri, jamur, dan virus secara in vitro.",Tanaman Obat; Tanaman Estetik,2,Penyakit Infeksi,1
293,281,Fakultas Ilmu Sosial dan Ilmu Politik,FISIP,49,Gandarusa,Justicia gendarussa Burm.f.,Acanthaceae,Akar; batang dan batang muda; daun; bagian aerial.,"Daun, batang muda, akar, atau bagian aerial digunakan sebagai dekokta, infusa, perasan/juice, pasta, atau sediaan tradisional; penelitian menggunakan ekstrak air, etanol, metanol, kloroform, fraksi, dan senyawa terisolasi. Ekstrak atau senyawa diberikan oral maupun diuji in vitro sesuai desain penelitian.",Tanaman Obat; Tanaman Estetik,2,Gangguan Sistem Pernapasan; Gangguan Sistem Pencernaan; Gangguan Sistem Saraf; Gangguan Endokrin; Gangguan Urologi; Gangguan Imunologi; Gangguan Reumatologi; Gangguan Kulit (Dermatologi); Penyakit Infeksi; Gangguan Onkologi (Kanker),10
294,282,Fakultas Ilmu Sosial dan Ilmu Politik,FISIP,50,Biola cantik,Ficus lyrata Warb.,Moraceae,Kulit batang; buah dalam catatan penggunaan pangan.,"Kulit batang dikeringkan dan dibuat ekstrak yang diberikan secara oral pada tikus dengan penyakit hati berlemak akibat diet tinggi lemak. Buah tercatat sebagai bahan pangan dalam basis data penggunaan, tetapi tidak digunakan sebagai dasar aktivitas farmakologi studi kulit batang.",Tanaman Obat; Tanaman Estetik; Tanaman Buah dan Sayuran,3,Gangguan Kardiovaskular; Gangguan Sistem Pencernaan; Gangguan Endokrin; Gangguan Imunologi,4
295,283,Fakultas Ilmu Sosial dan Ilmu Politik,FISIP,51,Lidah mertua,Dracaena trifasciata (Prain) Mabb.,Asparagaceae,Daun; rimpang; akar.,"Daun, rimpang, dan akar digunakan sebagai perasan, rebusan/dekokta, infusa, atau pasta/balur dalam laporan tradisional. Penelitian menggunakan ekstrak air, etanol, metanol, n-heksana, kloroform, dan fraksi pelarut yang diberikan secara oral atau topikal maupun diuji in vitro.",Tanaman Obat; Tanaman Estetik; Tanaman Toksik,3,Gangguan Sistem Pernapasan; Gangguan Sistem Pencernaan; Gangguan Sistem Saraf; Gangguan Endokrin; Gangguan Urologi; Gangguan Imunologi; Gangguan Reumatologi; Gangguan Kulit (Dermatologi); Penyakit Infeksi,9
296,284,Fakultas Ilmu Sosial dan Ilmu Politik,FISIP,52,Sawo,Manilkara zapota (L.) P.Royen,Sapotaceae,Buah dan daging buah; kulit buah; biji; daun; kulit batang; lateks.,"Buah matang dikonsumsi segar atau diolah sebagai pangan. Biji, daun, dan kulit batang digunakan secara tradisional sebagai rebusan atau sediaan lain. Penelitian memakai ekstrak air, etanol, metanol, petroleum eter, fraksi, serta uji in vitro dan model hewan.",Tanaman Obat; Tanaman Estetik; Tanaman Buah dan Sayuran,3,Gangguan Kardiovaskular; Gangguan Sistem Pernapasan; Gangguan Sistem Pencernaan; Gangguan Ginjal; Gangguan Sistem Saraf; Gangguan Endokrin; Gangguan Imunologi; Gangguan Reumatologi; Gangguan Kulit (Dermatologi); Penyakit Infeksi; Gangguan Onkologi (Kanker),11
297,285,Fakultas Ilmu Sosial dan Ilmu Politik,FISIP,53,Sirsak,Annona muricata L.,Annonaceae,Buah dan daging buah; daun; kulit batang; akar; biji.,"Buah dikonsumsi segar atau diolah sebagai pangan. Penggunaan tradisional mencakup infusa, dekokta, atau aplikasi topikal. Penelitian menggunakan ekstrak air, etanol, metanol, fraksinasi, isolasi senyawa, serta uji in vitro dan model hewan.",Tanaman Obat; Tanaman Estetik; Tanaman Toksik; Tanaman Buah dan Sayuran,4,Gangguan Kardiovaskular; Gangguan Sistem Pernapasan; Gangguan Sistem Pencernaan; Gangguan Sistem Saraf; Gangguan Endokrin; Gangguan Ginekologi dan Obstetri; Gangguan Imunologi; Gangguan Kulit (Dermatologi); Penyakit Infeksi; Gangguan Onkologi (Kanker),10
298,286,Fakultas Ilmu Sosial dan Ilmu Politik,FISIP,54,Mondokaki,Tabernaemontana divaricata (L.) R.Br. ex Roem. & Schult.,Apocynaceae,"Daun, bunga, akar, kulit batang, dan lateks","Bagian tanaman digunakan secara tradisional sebagai rebusan, infus, tumbukan atau sediaan topikal; penelitian menggunakan ekstrak air dan pelarut organik. Lateks memerlukan kehati-hatian.",Tanaman Obat; Tanaman Estetik; Tanaman Toksik,3,Gangguan Sistem Saraf; Gangguan Endokrin; Gangguan Reumatologi; Penyakit Infeksi; Gangguan Onkologi (Kanker),5
299,287,Fakultas Ilmu Sosial dan Ilmu Politik,FISIP,55,Pepaya,Carica papaya L.,Caricaceae,Akar; batang dan kulit batang; daun; bunga; buah matang dan mentah; kulit buah; biji; getah/lateks dan papain.,"Buah matang dikonsumsi segar, dibuat jus, atau diolah sebagai pangan; buah muda dimasak. Daun, akar, dan kulit batang dibuat infusa/dekokta atau perasan. Penelitian menggunakan ekstrak air, etanol, metanol, hidroalkohol, minyak biji, lateks/papain, fraksi, dan nanopartikel berbasis ekstrak.",Tanaman Obat; Tanaman Estetik; Tanaman Toksik; Tanaman Buah dan Sayuran,4,Gangguan Kardiovaskular; Gangguan Sistem Pencernaan; Gangguan Endokrin; Gangguan Imunologi; Gangguan Reumatologi; Gangguan Kulit (Dermatologi); Gangguan Hematologi; Penyakit Infeksi; Gangguan Onkologi (Kanker),9
300,288,Fakultas Ilmu Sosial dan Ilmu Politik,FISIP,56,Belimbing wuluh,Averrhoa bilimbi L.,Oxalidaceae,"Buah, daun, dan bunga","Buah digunakan sebagai bahan pangan/asam, dimasak atau dibuat jus; daun dan bunga digunakan sebagai rebusan atau ekstrak. Konsumsi jus buah pekat dalam jumlah besar harus dihindari.",Tanaman Obat; Tanaman Estetik; Tanaman Toksik; Tanaman Buah dan Sayuran,4,Gangguan Kardiovaskular; Gangguan Sistem Pernapasan; Gangguan Endokrin; Penyakit Infeksi,4
301,289,Fakultas Ilmu Sosial dan Ilmu Politik,FISIP,57,Pepaya Jepang,Cnidoscolus aconitifolius (Mill.) I.M.Johnst.,Euphorbiaceae,Daun dan pucuk muda,Daun/pucuk muda harus dimasak atau direbus memadai sebelum dikonsumsi; bahan juga dikeringkan atau diekstraksi untuk penelitian. Daun mentah tidak dianjurkan karena senyawa sianogenik dan iritan.,Tanaman Obat; Tanaman Estetik; Tanaman Toksik; Tanaman Buah dan Sayuran,4,Gangguan Kardiovaskular; Gangguan Endokrin,2
302,290,Fakultas Ilmu Sosial dan Ilmu Politik,FISIP,58,Kelapa,Cocos nucifera L.,Arecaceae,"Akar; daun; bunga/perbungaan; buah (air kelapa/endosperma cair, daging/endosperma padat, santan, minyak, sabut/mesokarp, dan tempurung/endokarp).","Air dan daging buah digunakan segar; daging diperas menjadi santan; minyak diperoleh dari kopra/daging buah; akar, daun, bunga, sabut, tempurung, dan bagian buah dibuat sebagai dekokta atau ekstrak air, etanol, metanol, dan pelarut lain untuk pengujian; beberapa sediaan digunakan oral atau topikal sesuai literatur.",Tanaman Obat; Tanaman Estetik; Tanaman Toksik; Tanaman Buah dan Sayuran,4,Gangguan Kardiovaskular; Gangguan Sistem Pencernaan; Gangguan Ginjal; Gangguan Sistem Saraf; Gangguan Endokrin; Gangguan Reumatologi; Penyakit Infeksi; Gangguan Onkologi (Kanker),8
303,291,Fakultas Ilmu Sosial dan Ilmu Politik,FISIP,59,Cissus,Cissus verticillata (L.) Nicolson & C.E.Jarvis,Vitaceae,Daun,Daun diekstraksi dengan metanol; fraksi larut metanol diberikan secara oral pada tikus diabetes yang diinduksi aloksan untuk evaluasi glukosa darah.,Tanaman Obat; Tanaman Estetik,2,Gangguan Endokrin,1
304,292,Fakultas Ilmu Sosial dan Ilmu Politik,FISIP,60,Sembung rambat,Mikania micrantha Kunth,Asteraceae,Daun,"Daun digunakan secara tradisional sebagai balur pada luka; pada penelitian, daun diekstraksi dan sediaan ekstrak diuji secara topikal untuk penyembuhan luka.",Tanaman Obat; Tanaman Liar; Tanaman Buah dan Sayuran,3,Gangguan Kulit (Dermatologi),1
305,293,Fakultas Ilmu Sosial dan Ilmu Politik,FISIP,61,Ara,Ficus callosa Willd.,Moraceae,Belum ditemukan bagian terapeutik yang terverifikasi.,Belum ditemukan cara pengolahan terapeutik yang terverifikasi.,Tanaman Estetik,1,,0
306,294,Fakultas Ilmu Sosial dan Ilmu Politik,FISIP,62,Sirih hutan,Piper aduncum L.,Piperaceae,"Daun, buah, akar, dan minyak atsiri bagian aerial.","Daun dan akar dibuat sebagai dekokta atau ekstrak; minyak atsiri diperoleh dengan hidrodistilasi dan dianalisis menggunakan GC-MS, kemudian diuji in vitro terhadap bakteri, jamur, dan protozoa.",Tanaman Obat; Tanaman Estetik; Tanaman Toksik; Tanaman Liar,4,Gangguan Sistem Pencernaan; Gangguan Kulit (Dermatologi); Penyakit Infeksi; Gangguan Onkologi (Kanker),4
307,295,Fakultas Ilmu Sosial dan Ilmu Politik,FISIP,63,Akasia,Acacia auriculiformis A.Cunn. ex Benth.,Fabaceae,Kulit batang; daun atau filodia; polong dan biji; akar,"Dalam penggunaan tradisional bagian tanaman dibuat dekok atau pasta. Pada penelitian, bahan dikeringkan lalu diekstraksi menggunakan air, alkohol, atau pelarut organik sesuai pengujian.",Tanaman Obat; Tanaman Estetik,2,Gangguan Kulit (Dermatologi); Penyakit Infeksi,2
308,296,Fakultas Ilmu Sosial dan Ilmu Politik,FISIP,64,Jambu air,Syzygium samarangense (Blume) Merr. & L.M.Perry,Myrtaceae,Buah; daun; kulit batang; akar; bunga; biji.,"Buah dikonsumsi segar atau diolah menjadi minuman, selai, jeli, cuka, dan produk pangan. Penggunaan tradisional mencakup infusa atau dekokta. Penelitian menggunakan ekstrak air, etanol, metanol, fraksi, minyak, dan senyawa terisolasi untuk uji in vitro atau model hewan.",Tanaman Obat; Tanaman Estetik; Tanaman Buah dan Sayuran,3,Gangguan Sistem Pernapasan; Gangguan Sistem Pencernaan; Gangguan Sistem Saraf; Gangguan Psikiatri; Gangguan Endokrin; Gangguan Imunologi; Gangguan Kulit (Dermatologi); Gangguan Hematologi; Penyakit Infeksi; Gangguan Onkologi (Kanker),10
309,297,Fakultas Ilmu Sosial dan Ilmu Politik,FISIP,65,Pepaya,Carica papaya L.,Caricaceae,Akar; batang dan kulit batang; daun; bunga; buah matang dan mentah; kulit buah; biji; getah/lateks dan papain.,"Buah matang dikonsumsi segar, dibuat jus, atau diolah sebagai pangan; buah muda dimasak. Daun, akar, dan kulit batang dibuat infusa/dekokta atau perasan. Penelitian menggunakan ekstrak air, etanol, metanol, hidroalkohol, minyak biji, lateks/papain, fraksi, dan nanopartikel berbasis ekstrak.",Tanaman Obat; Tanaman Estetik; Tanaman Toksik; Tanaman Buah dan Sayuran,4,Gangguan Kardiovaskular; Gangguan Sistem Pencernaan; Gangguan Endokrin; Gangguan Imunologi; Gangguan Reumatologi; Gangguan Kulit (Dermatologi); Gangguan Hematologi; Penyakit Infeksi; Gangguan Onkologi (Kanker),9
310,298,Fakultas Ilmu Sosial dan Ilmu Politik,FISIP,66,Manihot,Manihot esculenta Crantz,Euphorbiaceae,Akar umbi; daun; batang,"Akar umbi dikupas, direndam atau difermentasi, kemudian dimasak atau direbus hingga matang untuk menurunkan glikosida sianogenik. Daun juga harus dimasak; pada penelitian digunakan ekstrak air atau pelarut.",Tanaman Obat; Tanaman Estetik; Tanaman Toksik; Tanaman Buah dan Sayuran,4,Gangguan Sistem Pencernaan; Gangguan Endokrin; Gangguan Kulit (Dermatologi); Penyakit Infeksi; Gangguan Onkologi (Kanker),5
311,299,Fakultas Ilmu Sosial dan Ilmu Politik,FISIP,67,Mangga,Mangifera indica L.,Anacardiaceae,Akar; kulit batang; daun; bunga; buah dan daging buah; kulit buah; biji/kernel; getah/lateks.,"Buah dikonsumsi segar atau sebagai jus dan produk pangan. Daun, kulit batang, kulit buah, akar, bunga, dan kernel dibuat infusa/dekokta atau diekstraksi dengan air, etanol, metanol, hidroalkohol, dan pelarut lain. Fraksi, mangiferin, polifenol, serta produk seperti ekstrak kulit batang juga diteliti.",Tanaman Obat; Tanaman Estetik; Tanaman Toksik; Tanaman Buah dan Sayuran,4,Gangguan Kardiovaskular; Gangguan Sistem Pencernaan; Gangguan Endokrin; Gangguan Imunologi; Gangguan Reumatologi; Gangguan Kulit (Dermatologi); Penyakit Infeksi; Gangguan Onkologi (Kanker),8
312,300,Fakultas Ilmu Sosial dan Ilmu Politik,FISIP,68,Palem kipas,Licuala grandis (T.Moore) H.Wendl.,Arecaceae,Belum ditemukan bagian terapeutik yang terverifikasi.,Belum ditemukan cara pengolahan terapeutik yang terverifikasi.,Tanaman Estetik,1,,0
313,301,Fakultas Ilmu Sosial dan Ilmu Politik,FISIP,69,Srikaya,Annona squamosa L.,Annonaceae,Daging buah; daun; kulit batang dan ranting; akar; biji,Buah matang dikonsumsi segar. Daun atau kulit batang digunakan sebagai dekok atau ekstrak; biji diekstraksi dengan pelarut untuk pengujian antimikroba dan sitotoksik serta tidak digunakan sebagai pangan.,Tanaman Obat; Tanaman Estetik; Tanaman Toksik; Tanaman Buah dan Sayuran,4,Gangguan Sistem Pencernaan; Gangguan Endokrin; Penyakit Infeksi; Gangguan Onkologi (Kanker),4
314,302,Fakultas Ilmu Sosial dan Ilmu Politik,FISIP,70,Tabebuya merah muda,Tabebuia rosea (Bertol.) DC.,Bignoniaceae,Bunga; kulit batang; daun,"Bunga dikeringkan lalu diekstraksi dan difraksinasi, termasuk fraksi etil asetat untuk pengujian laboratorium. Kulit batang atau daun dilaporkan digunakan sebagai dekok atau ekstrak tradisional.",Tanaman Obat; Tanaman Estetik,2,Gangguan Imunologi,1
315,303,Fakultas Ilmu Sosial dan Ilmu Politik,FISIP,71,Alpukat,Persea americana Mill.,Lauraceae,Akar; kulit batang dan batang; daun; bunga; buah dan kulit buah; biji.,"Buah dikonsumsi segar atau sebagai pangan olahan. Daun, akar, dan kulit batang digunakan sebagai infusa/dekokta; daun, biji, kulit buah, dan bagian lain diekstraksi dengan air, etanol, metanol, hidroalkohol, atau pelarut lain untuk uji farmakologi. Minyak buah/biji dan fraksi/isolat juga dilaporkan.",Tanaman Obat; Tanaman Estetik; Tanaman Toksik; Tanaman Buah dan Sayuran,4,Gangguan Kardiovaskular; Gangguan Sistem Pencernaan; Gangguan Ginjal; Gangguan Sistem Saraf; Gangguan Endokrin; Gangguan Urologi; Gangguan Reumatologi; Gangguan Kulit (Dermatologi); Penyakit Infeksi; Gangguan Onkologi (Kanker),10
316,304,Fakultas Ilmu Sosial dan Ilmu Politik,FISIP,72,Osmoxylon,Osmoxylon lineare (Merr.) Philipson,Araliaceae,Belum ditemukan bagian terapeutik yang terverifikasi.,Belum ditemukan cara pengolahan terapeutik yang terverifikasi.,Tanaman Estetik,1,,0
317,305,Fakultas Ilmu Sosial dan Ilmu Politik,FISIP,73,Sinyo nakal,Duranta erecta L.,Verbenaceae,Daun; buah; bunga; akar; kulit batang atau batang.,"Penggunaan tradisional mencakup dekokta dan aplikasi lokal. Penelitian memakai ekstrak air, etanol, metanol, fraksinasi, minyak atsiri, dan senyawa terisolasi untuk uji antimikroba, antiinflamasi, antihiperglikemik, sitotoksik, dan toksikologi.",Tanaman Obat; Tanaman Estetik; Tanaman Toksik,3,Gangguan Endokrin; Gangguan Imunologi; Penyakit Infeksi; Gangguan Onkologi (Kanker),4
318,306,Fakultas Ilmu Sosial dan Ilmu Politik,FISIP,74,Cemara laut,Casuarina equisetifolia L.,Casuarinaceae,Akar; kulit batang; ranting hijau/branchlets dan daun sisik; bunga/perbungaan; buah atau runjung; biji.,"Bagian tanaman digunakan sebagai rebusan/dekokta dalam laporan tradisional. Penelitian menggunakan ekstrak air, etanol, metanol, metanol 80%, serta fraksi pelarut; ekstrak buah metanol diuji antiartritis, ekstrak bagian vegetatif diuji antimikroba/sitotoksik, ekstrak diuji nefroprotektif secara oral, dan ekstrak etanol perbungaan diuji toksisitas akut.",Tanaman Obat; Tanaman Estetik,2,Gangguan Sistem Pernapasan; Gangguan Sistem Pencernaan; Gangguan Ginjal; Gangguan Sistem Saraf; Gangguan Endokrin; Gangguan Reumatologi; Gangguan Kulit (Dermatologi); Penyakit Infeksi; Gangguan Onkologi (Kanker),9
319,307,Fakultas Ilmu Sosial dan Ilmu Politik,FISIP,75,Walisongo kerdil,Heptapleurum arboricola Hayata,Araliaceae,Daun dan sediaan tablet berbasis bahan Schefflera arboricola; getah/daun sebagai sumber paparan toksik.,Tablet berbasis Schefflera arboricola diberikan secara oral pada tikus dengan neuropati diabetik yang diinduksi streptozotosin. Daun dan getah tidak direkomendasikan untuk konsumsi langsung karena kristal kalsium oksalat dapat mengiritasi jaringan mulut dan kulit.,Tanaman Obat; Tanaman Estetik; Tanaman Toksik,3,Gangguan Sistem Saraf; Gangguan Endokrin; Gangguan Imunologi,3
320,308,Fakultas Ilmu Sosial dan Ilmu Politik,FISIP,76,Lili paris oranye,Chlorophytum orchidastrum Lindl.,Asparagaceae,Belum ditemukan bagian terapeutik yang terverifikasi.,Belum ditemukan cara pengolahan terapeutik yang terverifikasi.,Tanaman Estetik,1,,0
321,309,Fakultas Ilmu Sosial dan Ilmu Politik,FISIP,77,Teratai,Nelumbo nucifera Gaertn.,Nelumbonaceae,Rimpang; daun; bunga; biji; embrio biji,"Rimpang dan biji dikonsumsi setelah dimasak atau direbus. Daun, biji, embrio biji, dan bunga digunakan sebagai dekok atau dibuat ekstrak pada kajian farmakologi.",Tanaman Obat; Tanaman Estetik; Tanaman Buah dan Sayuran,3,Gangguan Kardiovaskular; Gangguan Sistem Pencernaan; Gangguan Sistem Saraf; Gangguan Endokrin,4
322,310,Fakultas Ilmu Sosial dan Ilmu Politik,FISIP,78,Nephrolepis,Nephrolepis cordifolia (L.) C.Presl,Nephrolepidaceae,"Ental muda, umbi atau rimpang, dan bagian aerial.",Ental muda dan umbi digunakan sebagai pangan setelah pengolahan yang sesuai; ekstrak etanol dan fraksi etil asetat diuji in vitro serta pada model diabetes aloksan pada tikus.,Tanaman Obat; Tanaman Estetik; Tanaman Liar; Tanaman Buah dan Sayuran,4,Gangguan Sistem Pernapasan; Gangguan Endokrin; Gangguan Reumatologi; Gangguan Nutrisi,4
323,311,Fakultas Ilmu Sosial dan Ilmu Politik,FISIP,79,Bunga kertas,Bougainvillea × buttiana Holttum & Standl.,Nyctaginaceae,Belum ditemukan bagian terapeutik yang terverifikasi.,Belum ditemukan cara pengolahan terapeutik yang terverifikasi.,Tanaman Estetik,1,,0
324,312,Fakultas Ilmu Sosial dan Ilmu Politik,FISIP,80,Jambu biji,Psidium guajava L.,Myrtaceae,Akar; kulit batang dan batang; daun; bunga; buah dan kulit buah; biji.,"Buah dikonsumsi segar atau sebagai jus/pangan olahan. Daun, akar, dan kulit batang dibuat infusa atau dekokta; penelitian menggunakan ekstrak air, etanol, metanol, hidroalkohol, minyak atsiri, fraksi, dan senyawa terisolasi untuk penggunaan oral, topikal, serta pengujian in vitro dan in vivo.",Tanaman Obat; Tanaman Estetik; Tanaman Toksik; Tanaman Buah dan Sayuran,4,Gangguan Kardiovaskular; Gangguan Sistem Pencernaan; Gangguan Sistem Saraf; Gangguan Endokrin; Gangguan Urologi; Gangguan Imunologi; Gangguan Reumatologi; Gangguan Kulit (Dermatologi); Penyakit Infeksi; Gangguan Onkologi (Kanker),10
325,313,Fakultas Ilmu Sosial dan Ilmu Politik,FISIP,81,Philodendron,Philodendron martianum Engl.,Araceae,Belum ditemukan bagian terapeutik yang terverifikasi.,Belum ditemukan cara pengolahan terapeutik yang terverifikasi.,Tanaman Estetik; Tanaman Toksik,2,,0
326,314,Fakultas Ilmu Sosial dan Ilmu Politik,FISIP,82,Walisongo,Heptapleurum actinophyllum (Endl.) Lowry & G.M.Plunkett,Araliaceae,Belum ditemukan bagian terapeutik yang terverifikasi.,Belum ditemukan cara pengolahan terapeutik yang terverifikasi.,Tanaman Estetik; Tanaman Toksik,2,,0
327,315,Fakultas Ilmu Sosial dan Ilmu Politik,FISIP,83,Mahoni daun lebar,Swietenia macrophylla King,Meliaceae,Biji (utama); daun dan kulit batang dilaporkan dalam literatur pendukung.,Biji dikeringkan menjadi serbuk atau diekstraksi dengan air/pelarut organik; fraksi dan ligan PPARγ diuji pada sel dan model hewan.,Tanaman Obat; Tanaman Estetik,2,Gangguan Endokrin,1
328,316,Fakultas Ilmu Sosial dan Ilmu Politik,FISIP,84,Loa,Ficus racemosa L.,Moraceae,Kulit batang; daun; buah; akar; lateks,"Bagian tanaman digunakan sebagai dekok, pasta, atau ekstrak dalam penggunaan tradisional dan penelitian. Buah matang dapat dikonsumsi segar atau setelah dimasak.",Tanaman Obat; Tanaman Estetik; Tanaman Buah dan Sayuran,3,Gangguan Sistem Pernapasan; Gangguan Sistem Pencernaan; Gangguan Endokrin; Gangguan Imunologi; Gangguan Kulit (Dermatologi); Penyakit Infeksi,6
329,317,Fakultas Ilmu Sosial dan Ilmu Politik,FISIP,85,Kalatea,Goeppertia concinna (W.Bull) Borchs. & S.Suárez,Marantaceae,Belum ditemukan bagian terapeutik yang terverifikasi.,Belum ditemukan cara pengolahan terapeutik yang terverifikasi.,Tanaman Estetik,1,,0
330,318,Fakultas Ilmu Sosial dan Ilmu Politik,FISIP,86,Monstera mini,Rhaphidophora tetrasperma Hook.f.,Araceae,Belum ditemukan bagian terapeutik yang terverifikasi.,Belum ditemukan cara pengolahan terapeutik yang terverifikasi.,Tanaman Estetik; Tanaman Toksik,2,,0
331,319,Fakultas Ilmu Sosial dan Ilmu Politik,FISIP,87,Cemara norfolk,Araucaria columnaris (G.Forst.) Hook.,Araucariaceae,Belum ditemukan bagian terapeutik yang terverifikasi.,Belum ditemukan cara pengolahan terapeutik yang terverifikasi.,Tanaman Estetik,1,,0
332,320,Fakultas Ilmu Sosial dan Ilmu Politik,FISIP,88,Lengkeng,Dimocarpus longan Lour.,Sapindaceae,Daging buah atau aril; perikarp; biji; daun; bunga.,"Buah dikonsumsi; perikarp, biji, daun, dan bunga dibuat ekstrak atau fraksi untuk kajian fitokimia dan farmakologi.",Tanaman Obat; Tanaman Estetik; Tanaman Buah dan Sayuran,3,Gangguan Sistem Pencernaan; Gangguan Sistem Saraf; Gangguan Endokrin; Gangguan Ginekologi dan Obstetri; Gangguan Imunologi; Gangguan Reumatologi; Gangguan Kulit (Dermatologi); Penyakit Infeksi; Gangguan Onkologi (Kanker),9
333,321,Fakultas Ilmu Sosial dan Ilmu Politik,FISIP,89,Walisongo,Heptapleurum actinophyllum (Endl.) Lowry & G.M.Plunkett,Araliaceae,Belum ditemukan bagian terapeutik yang terverifikasi.,Belum ditemukan cara pengolahan terapeutik yang terverifikasi.,Tanaman Estetik; Tanaman Toksik,2,,0
334,322,Fakultas Ilmu Sosial dan Ilmu Politik,FISIP,90,Nangka,Artocarpus heterophyllus Lam.,Moraceae,"Buah muda dan matang, biji, daun, kulit batang, dan akar.","Buah dikonsumsi segar atau dimasak; biji direbus, dipanggang, atau dijadikan tepung; bagian lain dibuat ekstrak air atau alkohol untuk penggunaan tradisional dan pengujian nonklinis.",Tanaman Obat; Tanaman Estetik; Tanaman Buah dan Sayuran,3,Gangguan Kardiovaskular; Gangguan Sistem Pencernaan; Gangguan Endokrin; Penyakit Infeksi; Gangguan Onkologi (Kanker),5
335,323,Kawasan Kampus I/Rektorat,Kampus I,1,Kaktus cereus,Cereus hexagonus (L.) Mill.,Cactaceae,Kladodia/batang sukulen,Penggunaan etnomedis secara topikal sebagai preparat tumbuhan pada lesi leishmaniasis; tidak terdapat bukti uji klinis spesifik spesies.,Tanaman Obat; Tanaman Estetik,2,Penyakit Infeksi,1
336,324,Kawasan Kampus I/Rektorat,Kampus I,2,Song of India,Dracaena reflexa Lam.,Asparagaceae,Daun; kulit batang; bagian aerial atau bahan tanaman utuh yang diekstraksi.,"Bahan tanaman dimaserasi dengan metanol dan dipartisi menjadi fraksi n-heksana, kloroform, dan n-butanol. Ekstrak/fraksi dianalisis dengan GC–MS serta diuji in vitro untuk antioksidan, antibakteri, trombolitik, penghambatan tirosinase, asetilkolinesterase, dan butirilkolinesterase; docking digunakan sebagai pendukung mekanistik.",Tanaman Obat; Tanaman Estetik,2,Gangguan Sistem Saraf; Gangguan Kulit (Dermatologi); Gangguan Hematologi; Penyakit Infeksi,4
337,325,Kawasan Kampus I/Rektorat,Kampus I,3,Loropetalum,Loropetalum chinense (R.Br.) Oliv.,Hamamelidaceae,Daun dan/atau bagian aerial; ellagic acid sebagai komponen representatif.,"Bahan tanaman diekstraksi; komponen dianalisis dengan UHPLC-MS/MS, network pharmacology, transkriptomik, lipidomik, dan RT-qPCR, serta diuji pada model kerusakan mukosa gastrointestinal ikan zebra.",Tanaman Obat; Tanaman Estetik,2,Gangguan Sistem Pencernaan,1
338,326,Kawasan Kampus I/Rektorat,Kampus I,4,Mondokaki,Tabernaemontana divaricata (L.) R.Br. ex Roem. & Schult.,Apocynaceae,"Daun, bunga, akar, kulit batang, dan lateks","Bagian tanaman digunakan secara tradisional sebagai rebusan, infus, tumbukan atau sediaan topikal; penelitian menggunakan ekstrak air dan pelarut organik. Lateks memerlukan kehati-hatian.",Tanaman Obat; Tanaman Estetik; Tanaman Toksik,3,Gangguan Sistem Saraf; Gangguan Endokrin; Gangguan Reumatologi; Penyakit Infeksi; Gangguan Onkologi (Kanker),5
339,327,Kawasan Kampus I/Rektorat,Kampus I,5,Sambang dara,Phyllanthus nivosus W.Bull,Phyllanthaceae,Bagian aerial.,"Bagian aerial dimaserasi menggunakan metanol dan diklorometana; ekstrak digunakan dalam uji in vitro/ex vivo dan diberikan oral pada model diabetes tikus. Studi lain menggunakan ekstrak metanol dan campuran poliherbal, tetapi bagian tanaman tidak dinyatakan jelas pada metadata yang dapat diverifikasi.",Tanaman Obat; Tanaman Estetik,2,Gangguan Sistem Pernapasan; Gangguan Sistem Pencernaan; Gangguan Sistem Saraf; Gangguan Endokrin,4
340,328,Kawasan Kampus I/Rektorat,Kampus I,6,Bromelia raksasa,Alcantarea imperialis (Carrière) Harms,Bromeliaceae,Belum ditemukan bagian terapeutik yang terverifikasi.,Belum ditemukan cara pengolahan terapeutik yang terverifikasi.,Tanaman Estetik,1,,0
341,329,Kawasan Kampus I/Rektorat,Kampus I,7,Song of India,Dracaena reflexa Lam.,Asparagaceae,Daun; kulit batang; bagian aerial atau bahan tanaman utuh yang diekstraksi.,"Bahan tanaman dimaserasi dengan metanol dan dipartisi menjadi fraksi n-heksana, kloroform, dan n-butanol. Ekstrak/fraksi dianalisis dengan GC–MS serta diuji in vitro untuk antioksidan, antibakteri, trombolitik, penghambatan tirosinase, asetilkolinesterase, dan butirilkolinesterase; docking digunakan sebagai pendukung mekanistik.",Tanaman Obat; Tanaman Estetik,2,Gangguan Sistem Saraf; Gangguan Kulit (Dermatologi); Gangguan Hematologi; Penyakit Infeksi,4
342,330,Kawasan Kampus I/Rektorat,Kampus I,8,Palem raja,Roystonea regia (Kunth) O.F.Cook,Arecaceae,Buah matang,Fraksi lipid D-004 diperoleh dari buah dan diberikan oral 320 mg/hari selama 6 bulan dalam studi klinis komparatif pada hiperplasia prostat jinak.,Tanaman Obat; Tanaman Estetik; Tanaman Buah dan Sayuran,3,Gangguan Urologi,1
343,331,Kawasan Kampus I/Rektorat,Kampus I,9,Awar-awar,Ficus septica Burm.f.,Moraceae,Daun; akar; kulit batang; buah; lateks.,"Penggunaan tradisional mencakup rebusan, perasan, atau aplikasi topikal. Penelitian memakai ekstrak etanol, metanol, fraksi, dan isolasi senyawa untuk uji antimikroba, antiinflamasi, imunomodulator, sitotoksik, dan model praklinik.",Tanaman Obat; Tanaman Estetik,2,Gangguan Sistem Pencernaan; Gangguan Imunologi; Gangguan Kulit (Dermatologi); Penyakit Infeksi; Gangguan Onkologi (Kanker),5
344,332,Kawasan Kampus I/Rektorat,Kampus I,10,Jambu bol,Syzygium malaccense (L.) Merr. & L.M.Perry,Myrtaceae,Buah; kulit buah; biji; daun; kulit batang atau batang.,"Buah dikonsumsi segar atau diolah sebagai pangan. Penelitian menggunakan ekstrak terstandar dan ekstrak pelarut dari daun, buah, atau batang untuk analisis fitokimia, antioksidan, dan penghambatan enzim terkait glikemia secara in vitro.",Tanaman Obat; Tanaman Estetik; Tanaman Buah dan Sayuran,3,Gangguan Endokrin,1
345,333,Kawasan Kampus I/Rektorat,Kampus I,11,Ravenia,Ravenia spectabilis (Lindl.) Engl.,Rutaceae,Daun.,"Daun dimaserasi dengan metanol; ekstrak dipartisi menjadi fraksi petroleum eter, karbon tetraklorida, kloroform, dan air. Senyawa diisolasi dan fraksi diuji antioksidan, antibakteri, serta trombolitik secara in vitro.",Tanaman Obat; Tanaman Estetik,2,Gangguan Hematologi; Penyakit Infeksi,2
346,334,Kawasan Kampus I/Rektorat,Kampus I,12,Drasena,Dracaena angustifolia (Medik.) Roxb.,Asparagaceae,Bahan tanaman yang digunakan untuk isolasi saponin steroid.,Bahan tanaman diekstraksi dan dipisahkan melalui metode kromatografi untuk mengisolasi saponin steroid. Senyawa diuji terhadap produksi superoksida dan pelepasan elastase pada neutrofil manusia secara in vitro.,Tanaman Obat; Tanaman Estetik,2,Gangguan Imunologi,1
347,335,Kawasan Kampus I/Rektorat,Kampus I,13,Angsana,Pterocarpus indicus Willd.,Fabaceae,Bahan tumbuhan yang diekstraksi dan difraksinasi,Ekstrak kasar difraksinasi secara terpandu bioassay; senyawa hasil isolasi diuji in vitro dan in silico pada proliferasi sel stroma prostat WPMY-1.,Tanaman Obat; Tanaman Estetik,2,Gangguan Urologi,1
348,336,Kawasan Kampus I/Rektorat,Kampus I,14,Biola cantik,Ficus lyrata Warb.,Moraceae,Kulit batang; buah dalam catatan penggunaan pangan.,"Kulit batang dikeringkan dan dibuat ekstrak yang diberikan secara oral pada tikus dengan penyakit hati berlemak akibat diet tinggi lemak. Buah tercatat sebagai bahan pangan dalam basis data penggunaan, tetapi tidak digunakan sebagai dasar aktivitas farmakologi studi kulit batang.",Tanaman Obat; Tanaman Estetik; Tanaman Buah dan Sayuran,3,Gangguan Kardiovaskular; Gangguan Sistem Pencernaan; Gangguan Endokrin; Gangguan Imunologi,4
349,337,Kawasan Kampus I/Rektorat,Kampus I,15,Saga pohon,Adenanthera pavonina L.,Fabaceae,Biji,Biji dibuat ekstrak metanol dan diuji pada model inflamasi serta analgesia hewan; bagian pangan harus dimasak karena biji mentah memiliki potensi toksik.,Tanaman Obat; Tanaman Estetik; Tanaman Toksik; Tanaman Buah dan Sayuran,4,Gangguan Reumatologi,1
350,338,Kawasan Kampus I/Rektorat,Kampus I,16,Soka merah,Ixora coccinea L.,Rubiaceae,Daun; bunga; akar; kulit batang; buah,"Bagian tanaman digunakan sebagai rebusan/dekokta, infusa, tumbukan atau sediaan topikal; penelitian menggunakan ekstrak metanol, etanol, dan alkohol serta fraksinasi pelarut.",Tanaman Obat; Tanaman Estetik; Tanaman Buah dan Sayuran,3,Gangguan Kardiovaskular; Gangguan Sistem Pencernaan; Gangguan Psikiatri; Gangguan Ginekologi dan Obstetri; Gangguan Mata (Oftalmologi); Gangguan Kulit (Dermatologi); Penyakit Infeksi; Gangguan Onkologi (Kanker),8
351,339,Kawasan Kampus I/Rektorat,Kampus I,17,Sambang darah hias,Excoecaria cochinchinensis Lour.,Euphorbiaceae,Bagian aerial; daun,"Bagian aerial dikeringkan, diserbukkan, dan diekstraksi berulang dengan metanol; ekstrak dipartisi bertahap dengan n-heksana, campuran n-heksana-etil asetat, dan etil asetat; penelitian lain menggunakan ekstrak air atau etanol daun.",Tanaman Obat; Tanaman Estetik; Tanaman Toksik,3,Gangguan Sistem Pencernaan; Gangguan Endokrin; Gangguan Urologi; Gangguan Kulit (Dermatologi); Penyakit Infeksi; Gangguan Onkologi (Kanker),6
352,340,Kawasan Kampus I/Rektorat,Kampus I,18,Nephrolepis,Nephrolepis cordifolia (L.) C.Presl,Nephrolepidaceae,"Ental muda, umbi atau rimpang, dan bagian aerial.",Ental muda dan umbi digunakan sebagai pangan setelah pengolahan yang sesuai; ekstrak etanol dan fraksi etil asetat diuji in vitro serta pada model diabetes aloksan pada tikus.,Tanaman Obat; Tanaman Estetik; Tanaman Liar; Tanaman Buah dan Sayuran,4,Gangguan Sistem Pernapasan; Gangguan Endokrin; Gangguan Reumatologi; Gangguan Nutrisi,4
353,341,Kawasan Kampus I/Rektorat,Kampus I,19,Jotang kuda,Synedrella nodiflora (L.) Gaertn.,Asteraceae,Daun atau bagian atas tumbuhan,Ekstrak metanol diuji pada makrofag RAW 264.7 untuk respons inflamasi; penggunaan tradisional umumnya berupa rebusan atau aplikasi tumbuhan.,Tanaman Obat; Tanaman Liar; Tanaman Buah dan Sayuran,3,Gangguan Imunologi,1
354,342,Kawasan Kampus I/Rektorat,Kampus I,20,Song of India,Dracaena reflexa Lam.,Asparagaceae,Daun; kulit batang; bagian aerial atau bahan tanaman utuh yang diekstraksi.,"Bahan tanaman dimaserasi dengan metanol dan dipartisi menjadi fraksi n-heksana, kloroform, dan n-butanol. Ekstrak/fraksi dianalisis dengan GC–MS serta diuji in vitro untuk antioksidan, antibakteri, trombolitik, penghambatan tirosinase, asetilkolinesterase, dan butirilkolinesterase; docking digunakan sebagai pendukung mekanistik.",Tanaman Obat; Tanaman Estetik,2,Gangguan Sistem Saraf; Gangguan Kulit (Dermatologi); Gangguan Hematologi; Penyakit Infeksi,4
355,343,Kawasan Kampus I/Rektorat,Kampus I,21,Soka,Ixora chinensis Lam.,Rubiaceae,Akar; batang; kulit batang; daun; bunga.,"Akar dibuat dekokta untuk keluhan lambung, masa setelah persalinan, dan keluhan bronkial; bunga dibuat dekokta atau infusa segar; akar, batang, daun, bunga, dan kulit batang digunakan sebagai ramuan tradisional. Daun dan kulit batang dikeringkan, diserbukkan, lalu dimaserasi dengan metanol; daun juga diekstraksi dengan metanol atau etanol untuk uji antibakteri dan antioksidan.",Tanaman Obat; Tanaman Estetik; Tanaman Buah dan Sayuran,3,Gangguan Kardiovaskular; Gangguan Sistem Pernapasan; Gangguan Sistem Pencernaan; Gangguan Ginekologi dan Obstetri; Gangguan Reumatologi; Gangguan Kulit (Dermatologi); Gangguan Hematologi; Penyakit Infeksi,8
356,344,Kawasan Kampus I/Rektorat,Kampus I,22,Cemara laut,Casuarina equisetifolia L.,Casuarinaceae,Akar; kulit batang; ranting hijau/branchlets dan daun sisik; bunga/perbungaan; buah atau runjung; biji.,"Bagian tanaman digunakan sebagai rebusan/dekokta dalam laporan tradisional. Penelitian menggunakan ekstrak air, etanol, metanol, metanol 80%, serta fraksi pelarut; ekstrak buah metanol diuji antiartritis, ekstrak bagian vegetatif diuji antimikroba/sitotoksik, ekstrak diuji nefroprotektif secara oral, dan ekstrak etanol perbungaan diuji toksisitas akut.",Tanaman Obat; Tanaman Estetik,2,Gangguan Sistem Pernapasan; Gangguan Sistem Pencernaan; Gangguan Ginjal; Gangguan Sistem Saraf; Gangguan Endokrin; Gangguan Reumatologi; Gangguan Kulit (Dermatologi); Penyakit Infeksi; Gangguan Onkologi (Kanker),9
357,345,Kawasan Kampus I/Rektorat,Kampus I,23,Tanjung,Mimusops elengi L.,Sapotaceae,Akar; kulit batang dan batang; daun; bunga; buah; biji.,"Kulit batang, daun, bunga, akar, buah, dan biji digunakan sebagai dekokta, infusa, serbuk, pasta atau bahan yang dikunyah dalam penggunaan tradisional. Penelitian menggunakan ekstrak air, etanol, metanol, petroleum eter, kloroform, dan fraksi/isolat untuk pengujian in vitro dan in vivo.",Tanaman Obat; Tanaman Estetik; Tanaman Buah dan Sayuran,3,Gangguan Kardiovaskular; Gangguan Sistem Pencernaan; Gangguan Sistem Saraf; Gangguan Endokrin; Gangguan Urologi; Gangguan Imunologi; Gangguan Reumatologi; Gangguan Kulit (Dermatologi); Penyakit Infeksi; Gangguan Onkologi (Kanker),10
358,346,Kawasan Kampus I/Rektorat,Kampus I,24,Glodokan tiang,Monoon longifolium (Sonn.) B.Xue & R.M.K.Saunders,Annonaceae,Daun; kulit batang dan batang; akar; buah; biji.,"Literatur menggunakan nama lama Polyalthia longifolia dan merangkum infusa/dekokta tradisional, ekstrak air, etanol, metanol, dan pelarut lain, fraksinasi serta isolasi senyawa, kemudian pengujian in vitro dan pada hewan. Buah/bagian tertentu juga dibahas dalam konteks nutrisi atau pakan.",Tanaman Obat; Tanaman Estetik; Tanaman Buah dan Sayuran,3,Gangguan Kardiovaskular; Gangguan Sistem Pencernaan; Gangguan Sistem Saraf; Gangguan Endokrin; Gangguan Imunologi; Gangguan Reumatologi; Penyakit Infeksi; Gangguan Onkologi (Kanker),8
359,347,Kawasan Kampus I/Rektorat,Kampus I,25,Dracaena,Dracaena fragrans (L.) Ker Gawl.,Asparagaceae,Akar,Akar direbus dengan air dan diminum dalam praktik etnomedis untuk keluhan terkait HIV/AIDS; bukti ini tidak membuktikan efektivitas klinis atau peningkatan CD4.,Tanaman Obat; Tanaman Estetik; Tanaman Buah dan Sayuran,3,Penyakit Infeksi,1
360,348,Kawasan Kampus I/Rektorat,Kampus I,26,Palem kuning,Chrysalidocarpus lutescens H.Wendl.,Arecaceae,Daun,Daun diekstraksi dengan etanol/alkohol dan dipisahkan secara kromatografi; ekstrak daun juga digunakan dalam sintesis hijau nanopartikel perak untuk uji antibakteri.,Tanaman Obat; Tanaman Estetik,2,Gangguan Sistem Pencernaan; Penyakit Infeksi,2
361,349,Kawasan Kampus I/Rektorat,Kampus I,27,Tabernaemontana,Tabernaemontana elegans Stapf,Apocynaceae,Akar dan alkaloid yang diisolasi,Akar dibuat fraksi alkaloid untuk uji antimikroba dan sitotoksisitas; alkaloid bisindol terisolasi diuji pada sel kanker kolon HCT116.,Tanaman Obat; Tanaman Estetik; Tanaman Toksik,3,Penyakit Infeksi; Gangguan Onkologi (Kanker),2
362,350,Kawasan Kampus I/Rektorat,Kampus I,28,Cempaka,Magnolia champaca (L.) Baill. ex Pierre,Magnoliaceae,Daun,"Daun dibuat ekstrak dan diuji pada model jaringan terisolasi serta hewan untuk aktivitas pada saluran cerna, jalan napas, dan sistem kardiovaskular.",Tanaman Obat; Tanaman Estetik,2,Gangguan Kardiovaskular; Gangguan Sistem Pernapasan; Gangguan Sistem Pencernaan,3
363,351,Kawasan Kampus I/Rektorat,Kampus I,29,Cemara norfolk,Araucaria heterophylla (Salisb.) Franco,Araucariaceae,Daun,Ekstrak daun distandardisasi dengan UPLC-MS/MS dan diformulasikan sebagai gel nanoemulsi; aktivitas antibakteri diuji secara laboratorium.,Tanaman Obat; Tanaman Estetik; Tanaman Buah dan Sayuran,3,Penyakit Infeksi,1
364,352,Kawasan Kampus I/Rektorat,Kampus I,30,Ara,Ficus padana Burm.f.,Moraceae,Belum ditemukan bagian terapeutik yang terverifikasi.,Belum ditemukan cara pengolahan terapeutik yang terverifikasi.,Tanaman Estetik,1,,0
365,353,Kawasan Kampus I/Rektorat,Kampus I,31,Mengkudu,Morinda citrifolia L.,Rubiaceae,Akar; kulit batang; daun; bunga; buah dan jus buah; biji.,"Buah dikonsumsi segar atau difermentasi menjadi jus. Penggunaan tradisional mencakup infusa atau dekokta daun, akar, dan kulit batang. Penelitian menggunakan ekstrak air, etanol, metanol, fraksi, polisakarida, dan senyawa terisolasi pada uji in vitro serta model hewan.",Tanaman Obat; Tanaman Estetik; Tanaman Buah dan Sayuran,3,Gangguan Kardiovaskular; Gangguan Sistem Pencernaan; Gangguan Sistem Saraf; Gangguan Endokrin; Gangguan Imunologi; Gangguan Kulit (Dermatologi); Penyakit Infeksi; Gangguan Onkologi (Kanker); Gangguan Nutrisi,9
366,354,Kawasan Kampus I/Rektorat,Kampus I,32,Osmoxylon,Osmoxylon lineare (Merr.) Philipson,Araliaceae,Belum ditemukan bagian terapeutik yang terverifikasi.,Belum ditemukan cara pengolahan terapeutik yang terverifikasi.,Tanaman Estetik,1,,0
367,355,Kawasan Kampus I/Rektorat,Kampus I,33,Kamboja Jepang,Adenium obesum (Forssk.) Roem. & Schult.,Apocynaceae,"Akar, kulit batang, daun, bunga, dan lateks",Bagian tumbuhan dibuat ekstrak atau preparat tradisional; review melaporkan aktivitas antimikroba dan antikanker nonklinis serta kandungan glikosida jantung yang toksik.,Tanaman Obat; Tanaman Estetik; Tanaman Toksik,3,Penyakit Infeksi; Gangguan Onkologi (Kanker),2
368,356,Kawasan Kampus I/Rektorat,Kampus I,34,Peace lily,Spathiphyllum blandum Schott,Araceae,Belum ditemukan bagian terapeutik yang terverifikasi.,Belum ditemukan cara pengolahan terapeutik yang terverifikasi.,Tanaman Estetik,1,,0
369,357,Kawasan Kampus I/Rektorat,Kampus I,35,Ficus,Ficus benjamina L.,Moraceae,Akar; kulit batang; daun; buah; lateks.,"Penggunaan tradisional mencakup rebusan, ekstrak, dan aplikasi lokal. Penelitian memakai ekstrak air, etanol, metanol, fraksi, minyak atau lateks, serta uji antimikroba, antiinflamasi, sitotoksik, dan aktivitas lain secara in vitro atau praklinik.",Tanaman Obat; Tanaman Estetik; Tanaman Toksik; Tanaman Buah dan Sayuran,4,Gangguan Imunologi; Gangguan Kulit (Dermatologi); Penyakit Infeksi; Gangguan Onkologi (Kanker),4
370,358,Kawasan Kampus I/Rektorat,Kampus I,36,Kalatea,Goeppertia bachemiana (É.Morren) Borchs. & S.Suárez,Marantaceae,Belum ditemukan bagian terapeutik yang terverifikasi.,Belum ditemukan cara pengolahan terapeutik yang terverifikasi.,Tanaman Estetik,1,,0
371,359,Kawasan Kampus I/Rektorat,Kampus I,37,Bintaro,Cerbera manghas L.,Apocynaceae,Belum ditemukan bagian terapeutik yang terverifikasi.,Belum ditemukan cara pengolahan terapeutik yang terverifikasi.,Tanaman Estetik; Tanaman Toksik,2,,0
372,360,Kawasan Kampus I/Rektorat,Kampus I,38,Mahang,Macaranga tanarius (L.) Müll.Arg.,Euphorbiaceae,Daun,"Daun diekstraksi dan dipartisi; fraksi etil asetat dipisahkan dengan kromatografi untuk isolasi prenilflavonoid, kemudian diuji terhadap asetilkolinesterase dan dianalisis dengan docking.",Tanaman Obat; Tanaman Estetik; Tanaman Liar,3,Gangguan Sistem Saraf,1
373,361,Kawasan Kampus I/Rektorat,Kampus I,39,Sirih hutan,Piper aduncum L.,Piperaceae,"Daun, buah, akar, dan minyak atsiri bagian aerial.","Daun dan akar dibuat sebagai dekokta atau ekstrak; minyak atsiri diperoleh dengan hidrodistilasi dan dianalisis menggunakan GC-MS, kemudian diuji in vitro terhadap bakteri, jamur, dan protozoa.",Tanaman Obat; Tanaman Estetik; Tanaman Toksik; Tanaman Liar,4,Gangguan Sistem Pencernaan; Gangguan Kulit (Dermatologi); Penyakit Infeksi; Gangguan Onkologi (Kanker),4
374,362,Kawasan Kampus I/Rektorat,Kampus I,40,Agave,Agave demeesteriana Jacobi,Asparagaceae,Belum ditemukan bagian terapeutik yang terverifikasi.,Belum ditemukan cara pengolahan terapeutik yang terverifikasi.,Tanaman Estetik,1,,0
375,363,Kawasan Kampus I/Rektorat,Kampus I,41,Mahang,Macaranga tanarius (L.) Müll.Arg.,Euphorbiaceae,Daun,"Daun diekstraksi dan dipartisi; fraksi etil asetat dipisahkan dengan kromatografi untuk isolasi prenilflavonoid, kemudian diuji terhadap asetilkolinesterase dan dianalisis dengan docking.",Tanaman Obat; Tanaman Estetik; Tanaman Liar,3,Gangguan Sistem Saraf,1
376,364,Kawasan Kampus I/Rektorat,Kampus I,42,Cabai rawit,Capsicum frutescens L.,Solanaceae,Buah.,"Buah dikonsumsi sebagai bumbu atau sayuran. Dalam penelitian, buah beberapa genotipe diekstraksi untuk analisis fenolik dan flavonoid, aktivitas antioksidan, serta penghambatan α-glukosidase in vitro. Ekstrak pekat tidak disamakan dengan konsumsi kuliner.",Tanaman Obat; Tanaman Estetik; Tanaman Toksik; Tanaman Buah dan Sayuran,4,Gangguan Endokrin,1
377,365,Kawasan Kampus I/Rektorat,Kampus I,43,Anthurium,Anthurium radicans K.Koch & Haage,Araceae,Belum ditemukan bagian terapeutik yang terverifikasi.,Belum ditemukan cara pengolahan terapeutik yang terverifikasi.,Tanaman Estetik,1,,0
378,366,Kawasan Kampus I/Rektorat,Kampus I,44,Bunga telang,Clitoria ternatea L.,Fabaceae,Akar; daun; bunga; biji; seluruh bagian aerial.,"Penggunaan tradisional mencakup dekokta, infusa, serbuk, dan pasta. Bunga juga digunakan sebagai pewarna atau minuman pangan. Penelitian memakai ekstrak air, etanol, metanol, fraksi, serta pemberian oral pada model hewan.",Tanaman Obat; Tanaman Estetik; Tanaman Toksik; Tanaman Buah dan Sayuran,4,Gangguan Sistem Pencernaan; Gangguan Sistem Saraf; Gangguan Psikiatri; Gangguan Endokrin; Gangguan Imunologi; Penyakit Infeksi,6
379,367,Kawasan Kampus I/Rektorat,Kampus I,45,Aloe,Aloe vera (L.) Burm.f.,Asphodelaceae,Gel daun; lateks daun,Gel daun digunakan secara topikal pada luka; lateks dipisahkan sebagai bagian berpotensi toksik,Tanaman Obat; Tanaman Estetik; Tanaman Toksik; Tanaman Buah dan Sayuran,4,Gangguan Kulit (Dermatologi),1
380,368,Kawasan Kampus I/Rektorat,Kampus I,46,Kemangi hutan,Ocimum americanum L.,Lamiaceae,Daun; bunga; bagian aerial; minyak atsiri.,"Daun dan bagian aerial digunakan sebagai infusa atau dekokta dan sebagai bahan pangan aromatik. Penelitian menggunakan ekstrak air, etanol, metanol, serta minyak atsiri hasil distilasi untuk uji farmakologi dan antimikroba.",Tanaman Obat; Tanaman Toksik; Tanaman Buah dan Sayuran,3,Gangguan Kardiovaskular; Gangguan Sistem Pernapasan; Gangguan Sistem Pencernaan; Gangguan Imunologi; Gangguan Mata (Oftalmologi); Penyakit Infeksi,6
381,369,Kawasan Kampus I/Rektorat,Kampus I,47,Sawo duren,Chrysophyllum cainito L.,Sapotaceae,Kulit batang; buah,Kulit batang dikeringkan dan dimaserasi dengan air; buah dikonsumsi,Tanaman Obat; Tanaman Estetik; Tanaman Buah dan Sayuran,3,Gangguan Endokrin,1
382,370,Kawasan Kampus I/Rektorat,Kampus I,48,Mahoni daun lebar,Swietenia macrophylla King,Meliaceae,Biji (utama); daun dan kulit batang dilaporkan dalam literatur pendukung.,Biji dikeringkan menjadi serbuk atau diekstraksi dengan air/pelarut organik; fraksi dan ligan PPARγ diuji pada sel dan model hewan.,Tanaman Obat; Tanaman Estetik,2,Gangguan Endokrin,1
383,371,Kawasan Kampus I/Rektorat,Kampus I,49,Ficus,Ficus benghalensis L.,Moraceae,Kulit batang; buah,Kulit batang dibuat ekstrak hidroalkohol; buah dikonsumsi,Tanaman Obat; Tanaman Estetik; Tanaman Buah dan Sayuran,3,Gangguan Endokrin,1
384,372,Kawasan Kampus I/Rektorat,Kampus I,50,Daun kari,Bergera koenigii L.,Rutaceae,Daun; buah; biji; akar,"Daun digunakan segar, sebagai campuran bumbu, dikeringkan menjadi bubuk, atau dibuat ekstrak",Tanaman Obat; Tanaman Estetik; Tanaman Buah dan Sayuran,3,Gangguan Sistem Pencernaan; Gangguan Endokrin; Penyakit Infeksi,3
385,373,Kawasan Kampus I/Rektorat,Kampus I,51,Mahkota duri,Euphorbia milii Des Moul.,Euphorbiaceae,Bagian aerial; getah,Bagian aerial dibuat ekstrak etanol untuk uji praklinik; getah dipisahkan sebagai bahan berpotensi toksik/iritan,Tanaman Obat; Tanaman Estetik; Tanaman Toksik,3,Gangguan Reumatologi,1
386,374,Kawasan Kampus I/Rektorat,Kampus I,52,Pacar air,Impatiens balsamina L.,Balsaminaceae,Bunga; batang; daun; biji,Digunakan sebagai ramuan tradisional; ekstrak hidroalkohol/hexana diteliti; bunga juga dibuat minuman/teh,Tanaman Obat; Tanaman Estetik; Tanaman Toksik; Tanaman Buah dan Sayuran,4,Gangguan Sistem Pencernaan; Gangguan Reumatologi; Gangguan Kulit (Dermatologi); Penyakit Infeksi,4
387,375,Kawasan Kampus I/Rektorat,Kampus I,53,Sawo kecik,Manilkara kauki (L.) Dubard,Sapotaceae,Belum ditemukan bagian terapeutik yang terverifikasi.,Belum ditemukan cara pengolahan terapeutik yang terverifikasi.,Tanaman Estetik; Tanaman Buah dan Sayuran,2,,0
388,376,Kawasan Kampus I/Rektorat,Kampus I,54,J.,Citrus × limon (L.) Osbeck,Rutaceae,"Buah, sari buah, kulit buah, bunga, dan daun",Buah dikonsumsi atau diperas; kulit digunakan sebagai zest atau diekstraksi/didistilasi untuk memperoleh minyak atsiri,Tanaman Obat; Tanaman Estetik; Tanaman Buah dan Sayuran,3,Penyakit Infeksi; Gangguan Onkologi (Kanker),2
389,377,Kawasan Kampus I/Rektorat,Kampus I,55,Alpukat,Persea americana Mill.,Lauraceae,Akar; kulit batang dan batang; daun; bunga; buah dan kulit buah; biji.,"Buah dikonsumsi segar atau sebagai pangan olahan. Daun, akar, dan kulit batang digunakan sebagai infusa/dekokta; daun, biji, kulit buah, dan bagian lain diekstraksi dengan air, etanol, metanol, hidroalkohol, atau pelarut lain untuk uji farmakologi. Minyak buah/biji dan fraksi/isolat juga dilaporkan.",Tanaman Obat; Tanaman Estetik; Tanaman Toksik; Tanaman Buah dan Sayuran,4,Gangguan Kardiovaskular; Gangguan Sistem Pencernaan; Gangguan Ginjal; Gangguan Sistem Saraf; Gangguan Endokrin; Gangguan Urologi; Gangguan Reumatologi; Gangguan Kulit (Dermatologi); Penyakit Infeksi; Gangguan Onkologi (Kanker),10
390,378,Kawasan Kampus I/Rektorat,Kampus I,56,Durian,Durio zibethinus L.,Malvaceae,Daging buah; kulit atau rind; biji; tepung kulit; polisakarida kulit buah.,"Daging buah dikonsumsi segar atau difermentasi sebagai pangan. Penelitian mengolah kulit dan biji menjadi tepung, gum, ekstrak, atau fraksi polisakarida; dilakukan pengujian antiinflamasi, antimikroba, sitotoksik, penyembuhan luka, dan model konstipasi.",Tanaman Obat; Tanaman Buah dan Sayuran,2,Gangguan Sistem Pencernaan; Gangguan Imunologi; Gangguan Kulit (Dermatologi); Penyakit Infeksi; Gangguan Onkologi (Kanker),5
391,379,Kawasan Kampus I/Rektorat,Kampus I,57,J.,Citrus × amblycarpa (Hassk.) Ochse,Rutaceae,Belum ditemukan bagian terapeutik yang terverifikasi.,Belum ditemukan cara pengolahan terapeutik yang terverifikasi.,Tanaman Estetik; Tanaman Buah dan Sayuran,2,,0
392,380,Kawasan Kampus I/Rektorat,Kampus I,58,Palem kuning,Chrysalidocarpus lutescens H.Wendl.,Arecaceae,Daun,Daun diekstraksi dengan etanol/alkohol dan dipisahkan secara kromatografi; ekstrak daun juga digunakan dalam sintesis hijau nanopartikel perak untuk uji antibakteri.,Tanaman Obat; Tanaman Estetik,2,Gangguan Sistem Pencernaan; Penyakit Infeksi,2
393,381,Kawasan Kampus I/Rektorat,Kampus I,59,Jambu biji,Psidium guajava L.,Myrtaceae,Akar; kulit batang dan batang; daun; bunga; buah dan kulit buah; biji.,"Buah dikonsumsi segar atau sebagai jus/pangan olahan. Daun, akar, dan kulit batang dibuat infusa atau dekokta; penelitian menggunakan ekstrak air, etanol, metanol, hidroalkohol, minyak atsiri, fraksi, dan senyawa terisolasi untuk penggunaan oral, topikal, serta pengujian in vitro dan in vivo.",Tanaman Obat; Tanaman Estetik; Tanaman Toksik; Tanaman Buah dan Sayuran,4,Gangguan Kardiovaskular; Gangguan Sistem Pencernaan; Gangguan Sistem Saraf; Gangguan Endokrin; Gangguan Urologi; Gangguan Imunologi; Gangguan Reumatologi; Gangguan Kulit (Dermatologi); Penyakit Infeksi; Gangguan Onkologi (Kanker),10
394,382,Kawasan Kampus I/Rektorat,Kampus I,60,Urang-aring,Eclipta prostrata (L.) L.,Asteraceae,Seluruh herba,"Dikeringkan, digiling kasar, lalu diekstraksi dengan etanol 90% melalui perkolasi dingin",Tanaman Obat; Tanaman Liar,2,Gangguan Kardiovaskular,1
395,383,Kawasan Kampus I/Rektorat,Kampus I,61,Soka,Ixora chinensis Lam.,Rubiaceae,Akar; batang; kulit batang; daun; bunga.,"Akar dibuat dekokta untuk keluhan lambung, masa setelah persalinan, dan keluhan bronkial; bunga dibuat dekokta atau infusa segar; akar, batang, daun, bunga, dan kulit batang digunakan sebagai ramuan tradisional. Daun dan kulit batang dikeringkan, diserbukkan, lalu dimaserasi dengan metanol; daun juga diekstraksi dengan metanol atau etanol untuk uji antibakteri dan antioksidan.",Tanaman Obat; Tanaman Estetik; Tanaman Buah dan Sayuran,3,Gangguan Kardiovaskular; Gangguan Sistem Pernapasan; Gangguan Sistem Pencernaan; Gangguan Ginekologi dan Obstetri; Gangguan Reumatologi; Gangguan Kulit (Dermatologi); Gangguan Hematologi; Penyakit Infeksi,8
396,384,Kawasan Kampus I/Rektorat,Kampus I,62,Goeppertia,Goeppertia picturata (K.Koch & Linden) Borchs. & S.Suárez,Marantaceae,Belum ditemukan bagian terapeutik yang terverifikasi.,Belum ditemukan cara pengolahan terapeutik yang terverifikasi.,Tanaman Estetik,1,,0
397,385,Kawasan Kampus I/Rektorat,Kampus I,63,Jambu air,Syzygium samarangense (Blume) Merr. & L.M.Perry,Myrtaceae,Buah; daun; kulit batang; akar; bunga; biji.,"Buah dikonsumsi segar atau diolah menjadi minuman, selai, jeli, cuka, dan produk pangan. Penggunaan tradisional mencakup infusa atau dekokta. Penelitian menggunakan ekstrak air, etanol, metanol, fraksi, minyak, dan senyawa terisolasi untuk uji in vitro atau model hewan.",Tanaman Obat; Tanaman Estetik; Tanaman Buah dan Sayuran,3,Gangguan Sistem Pernapasan; Gangguan Sistem Pencernaan; Gangguan Sistem Saraf; Gangguan Psikiatri; Gangguan Endokrin; Gangguan Imunologi; Gangguan Kulit (Dermatologi); Gangguan Hematologi; Penyakit Infeksi; Gangguan Onkologi (Kanker),10
398,386,Kawasan Kampus I/Rektorat,Kampus I,64,Jeruk nipis,Citrus × aurantiifolia (Christm.) Swingle,Rutaceae,Buah dan sari buah; kulit buah; daun; biji; akar; batang atau kulit batang; minyak atsiri.,Buah dikonsumsi atau diperas; bagian tanaman diekstraksi dengan air atau pelarut organik; minyak atsiri diperoleh melalui penyulingan dan diuji terutama secara in vitro atau praklinik.,Tanaman Obat; Tanaman Estetik; Tanaman Buah dan Sayuran,3,Gangguan Imunologi; Penyakit Infeksi; Gangguan Onkologi (Kanker),3
399,387,Kawasan Kampus I/Rektorat,Kampus I,65,Rambutan,Nephelium lappaceum L.,Sapindaceae,Daging buah/aril; kulit buah/perikarp; biji.,"Daging buah matang dikonsumsi segar sebagai pangan. Kulit buah dikeringkan dan diserbukkan, lalu diekstraksi menggunakan air, etanol, metanol, atau campuran pelarut; ekstrak diberikan oral pada model hewan atau diuji in vitro. Ekstrak kulit dan geraniin juga diformulasikan untuk pengujian topikal pada iritasi kulit; metode penelitian ini bukan anjuran penggunaan mandiri.",Tanaman Obat; Tanaman Estetik; Tanaman Buah dan Sayuran,3,Gangguan Kardiovaskular; Gangguan Endokrin; Gangguan Imunologi; Gangguan Kulit (Dermatologi); Penyakit Infeksi,5
400,388,Kawasan Kampus I/Rektorat,Kampus I,66,Kembang sepatu gantung,Hibiscus schizopetalus (Mast.) Hook.f.,Malvaceae,Daun.,"Ekstrak daun diprofilkan menggunakan UPLC-ESI-MS/MS, kemudian ekstrak H. schizopetalus diformulasikan sebagai hidrogel dan nanogel 1% b/v dan digunakan secara topikal pada model eksisi luka tikus.",Tanaman Obat; Tanaman Estetik,2,Gangguan Kulit (Dermatologi),1
401,389,Kawasan Kampus I/Rektorat,Kampus I,67,Lengkeng,Dimocarpus longan Lour.,Sapindaceae,Daging buah atau aril; perikarp; biji; daun; bunga.,"Buah dikonsumsi; perikarp, biji, daun, dan bunga dibuat ekstrak atau fraksi untuk kajian fitokimia dan farmakologi.",Tanaman Obat; Tanaman Estetik; Tanaman Buah dan Sayuran,3,Gangguan Sistem Pencernaan; Gangguan Sistem Saraf; Gangguan Endokrin; Gangguan Ginekologi dan Obstetri; Gangguan Imunologi; Gangguan Reumatologi; Gangguan Kulit (Dermatologi); Penyakit Infeksi; Gangguan Onkologi (Kanker),9
402,390,Kawasan Kampus I/Rektorat,Kampus I,68,Pohon roda,Hura crepitans L.,Euphorbiaceae,Belum ditemukan bagian terapeutik yang terverifikasi.,Belum ditemukan cara pengolahan terapeutik yang terverifikasi.,Tanaman Estetik; Tanaman Toksik,2,,0
403,391,Kawasan Kampus I/Rektorat,Kampus I,69,Manihot,Manihot esculenta Crantz,Euphorbiaceae,Akar umbi; daun; batang,"Akar umbi dikupas, direndam atau difermentasi, kemudian dimasak atau direbus hingga matang untuk menurunkan glikosida sianogenik. Daun juga harus dimasak; pada penelitian digunakan ekstrak air atau pelarut.",Tanaman Obat; Tanaman Estetik; Tanaman Toksik; Tanaman Buah dan Sayuran,4,Gangguan Sistem Pencernaan; Gangguan Endokrin; Gangguan Kulit (Dermatologi); Penyakit Infeksi; Gangguan Onkologi (Kanker),5
404,392,Kawasan Kampus I/Rektorat,Kampus I,70,Jambu biji,Psidium guajava L.,Myrtaceae,Akar; kulit batang dan batang; daun; bunga; buah dan kulit buah; biji.,"Buah dikonsumsi segar atau sebagai jus/pangan olahan. Daun, akar, dan kulit batang dibuat infusa atau dekokta; penelitian menggunakan ekstrak air, etanol, metanol, hidroalkohol, minyak atsiri, fraksi, dan senyawa terisolasi untuk penggunaan oral, topikal, serta pengujian in vitro dan in vivo.",Tanaman Obat; Tanaman Estetik; Tanaman Toksik; Tanaman Buah dan Sayuran,4,Gangguan Kardiovaskular; Gangguan Sistem Pencernaan; Gangguan Sistem Saraf; Gangguan Endokrin; Gangguan Urologi; Gangguan Imunologi; Gangguan Reumatologi; Gangguan Kulit (Dermatologi); Penyakit Infeksi; Gangguan Onkologi (Kanker),10
405,393,Kawasan Kampus I/Rektorat,Kampus I,71,Sawo,Manilkara zapota (L.) P.Royen,Sapotaceae,Buah dan daging buah; kulit buah; biji; daun; kulit batang; lateks.,"Buah matang dikonsumsi segar atau diolah sebagai pangan. Biji, daun, dan kulit batang digunakan secara tradisional sebagai rebusan atau sediaan lain. Penelitian memakai ekstrak air, etanol, metanol, petroleum eter, fraksi, serta uji in vitro dan model hewan.",Tanaman Obat; Tanaman Estetik; Tanaman Buah dan Sayuran,3,Gangguan Kardiovaskular; Gangguan Sistem Pernapasan; Gangguan Sistem Pencernaan; Gangguan Ginjal; Gangguan Sistem Saraf; Gangguan Endokrin; Gangguan Imunologi; Gangguan Reumatologi; Gangguan Kulit (Dermatologi); Penyakit Infeksi; Gangguan Onkologi (Kanker),11
406,394,Kawasan Kampus I/Rektorat,Kampus I,72,Pepaya,Carica papaya L.,Caricaceae,Akar; batang dan kulit batang; daun; bunga; buah matang dan mentah; kulit buah; biji; getah/lateks dan papain.,"Buah matang dikonsumsi segar, dibuat jus, atau diolah sebagai pangan; buah muda dimasak. Daun, akar, dan kulit batang dibuat infusa/dekokta atau perasan. Penelitian menggunakan ekstrak air, etanol, metanol, hidroalkohol, minyak biji, lateks/papain, fraksi, dan nanopartikel berbasis ekstrak.",Tanaman Obat; Tanaman Estetik; Tanaman Toksik; Tanaman Buah dan Sayuran,4,Gangguan Kardiovaskular; Gangguan Sistem Pencernaan; Gangguan Endokrin; Gangguan Imunologi; Gangguan Reumatologi; Gangguan Kulit (Dermatologi); Gangguan Hematologi; Penyakit Infeksi; Gangguan Onkologi (Kanker),9
407,395,Kawasan Kampus I/Rektorat,Kampus I,73,Soka merah,Ixora coccinea L.,Rubiaceae,Daun; bunga; akar; kulit batang; buah,"Bagian tanaman digunakan sebagai rebusan/dekokta, infusa, tumbukan atau sediaan topikal; penelitian menggunakan ekstrak metanol, etanol, dan alkohol serta fraksinasi pelarut.",Tanaman Obat; Tanaman Estetik; Tanaman Buah dan Sayuran,3,Gangguan Kardiovaskular; Gangguan Sistem Pencernaan; Gangguan Psikiatri; Gangguan Ginekologi dan Obstetri; Gangguan Mata (Oftalmologi); Gangguan Kulit (Dermatologi); Penyakit Infeksi; Gangguan Onkologi (Kanker),8
408,396,Kawasan Kampus I/Rektorat,Kampus I,74,Mahoni,Swietenia mahagoni (L.) Jacq.,Meliaceae,"Biji, kulit batang, dan daun.","Serbuk/rebusan biji secara tradisional; ekstrak air, etanol, atau metanol dan fraksi/isolat diuji in vitro serta pada hewan.",Tanaman Obat; Tanaman Estetik,2,Gangguan Sistem Pencernaan; Gangguan Endokrin; Penyakit Infeksi,3
409,397,Kawasan Kampus I/Rektorat,Kampus I,75,Jambu air,Syzygium aqueum (Burm.f.) Alston,Myrtaceae,Belum ditemukan bagian terapeutik yang terverifikasi.,Belum ditemukan cara pengolahan terapeutik yang terverifikasi.,Tanaman Estetik; Tanaman Buah dan Sayuran,2,,0
410,398,Kawasan Kampus I/Rektorat,Kampus I,76,Bunga kertas,Bougainvillea × buttiana Holttum & Standl.,Nyctaginaceae,Belum ditemukan bagian terapeutik yang terverifikasi.,Belum ditemukan cara pengolahan terapeutik yang terverifikasi.,Tanaman Estetik,1,,0
411,399,Kawasan Kampus I/Rektorat,Kampus I,77,Kalatea,Calathea lutea (Aubl.) E.Mey. ex Schult.,Marantaceae,Daun,"Daun segar diperas dan sarinya digunakan langsung secara topikal pada mata; daun juga diekstraksi melalui maserasi dingin, Soxhlet, dan distilasi uap, kemudian dipartisi/fraksinasi dengan pelarut organik.",Tanaman Obat; Tanaman Estetik,2,Gangguan Mata (Oftalmologi); Penyakit Infeksi,2
412,400,Kawasan Kampus I/Rektorat,Kampus I,78,Wrightia,Wrightia antidysenterica (L.) R.Br.,Apocynaceae,Kulit batang atau akar; biji; bunga.,"Penggunaan tradisional mencakup rebusan, serbuk, atau sediaan bagian kulit dan biji untuk keluhan pencernaan serta infeksi tertentu. Bunga terutama digunakan sebagai tanaman ornamental. Informasi tradisional tidak diubah menjadi anjuran klinis.",Tanaman Obat; Tanaman Estetik,2,Gangguan Sistem Pencernaan; Gangguan Ginekologi dan Obstetri; Penyakit Infeksi,3
413,401,Kawasan Kampus I/Rektorat,Kampus I,79,Philodendron jari,Philodendron bipinnatifidum Schott ex Endl.,Araceae,Belum ditemukan bagian terapeutik yang terverifikasi.,Belum ditemukan cara pengolahan terapeutik yang terverifikasi.,Tanaman Estetik; Tanaman Toksik,2,,0
414,402,Kawasan Kampus I/Rektorat,Kampus I,80,Ketapang kencana,Terminalia mantaly H.Perrier,Combretaceae,Daun; kulit batang; akar,"Serbuk kering daun, kulit batang, dan akar dimaserasi dengan air atau metanol; ekstrak tertentu difraksinasi dengan heksana, kloroform, dan etil asetat; kulit batang juga diekstraksi dan diisolasi secara kromatografi.",Tanaman Obat; Tanaman Estetik,2,Gangguan Endokrin; Penyakit Infeksi,2
415,403,Kawasan Kampus I/Rektorat,Kampus I,81,Soka,Ixora chinensis Lam.,Rubiaceae,Akar; batang; kulit batang; daun; bunga.,"Akar dibuat dekokta untuk keluhan lambung, masa setelah persalinan, dan keluhan bronkial; bunga dibuat dekokta atau infusa segar; akar, batang, daun, bunga, dan kulit batang digunakan sebagai ramuan tradisional. Daun dan kulit batang dikeringkan, diserbukkan, lalu dimaserasi dengan metanol; daun juga diekstraksi dengan metanol atau etanol untuk uji antibakteri dan antioksidan.",Tanaman Obat; Tanaman Estetik; Tanaman Buah dan Sayuran,3,Gangguan Kardiovaskular; Gangguan Sistem Pernapasan; Gangguan Sistem Pencernaan; Gangguan Ginekologi dan Obstetri; Gangguan Reumatologi; Gangguan Kulit (Dermatologi); Gangguan Hematologi; Penyakit Infeksi,8
416,404,Kawasan Kampus I/Rektorat,Kampus I,82,Lengkeng,Dimocarpus longan Lour.,Sapindaceae,Daging buah atau aril; perikarp; biji; daun; bunga.,"Buah dikonsumsi; perikarp, biji, daun, dan bunga dibuat ekstrak atau fraksi untuk kajian fitokimia dan farmakologi.",Tanaman Obat; Tanaman Estetik; Tanaman Buah dan Sayuran,3,Gangguan Sistem Pencernaan; Gangguan Sistem Saraf; Gangguan Endokrin; Gangguan Ginekologi dan Obstetri; Gangguan Imunologi; Gangguan Reumatologi; Gangguan Kulit (Dermatologi); Penyakit Infeksi; Gangguan Onkologi (Kanker),9
417,405,Kawasan Kampus I/Rektorat,Kampus I,83,Mondokaki,Tabernaemontana divaricata (L.) R.Br. ex Roem. & Schult.,Apocynaceae,"Daun, bunga, akar, kulit batang, dan lateks","Bagian tanaman digunakan secara tradisional sebagai rebusan, infus, tumbukan atau sediaan topikal; penelitian menggunakan ekstrak air dan pelarut organik. Lateks memerlukan kehati-hatian.",Tanaman Obat; Tanaman Estetik; Tanaman Toksik,3,Gangguan Sistem Saraf; Gangguan Endokrin; Gangguan Reumatologi; Penyakit Infeksi; Gangguan Onkologi (Kanker),5
418,406,Kawasan Kampus I/Rektorat,Kampus I,84,Kedondong laut hias,Polyscias fruticosa (L.) Harms,Araliaceae,Daun; akar; pucuk/daun muda,"Daun muda dimakan mentah atau setelah direbus/dimasak dalam sup dan masakan; daun dan akar dibuat sebagai rebusan atau diekstraksi dengan air, etanol, dan pelarut lipofilik untuk pengujian farmakologi.",Tanaman Obat; Tanaman Estetik; Tanaman Buah dan Sayuran,3,Gangguan Sistem Pernapasan; Gangguan Sistem Pencernaan; Gangguan Sistem Saraf; Gangguan Endokrin; Gangguan Reumatologi; Penyakit Infeksi,6
419,407,Kawasan Kampus I/Rektorat,Kampus I,85,Bromelia raksasa,Alcantarea imperialis (Carrière) Harms,Bromeliaceae,Belum ditemukan bagian terapeutik yang terverifikasi.,Belum ditemukan cara pengolahan terapeutik yang terverifikasi.,Tanaman Estetik,1,,0
420,408,Kawasan Kampus I/Rektorat,Kampus I,86,Anthurium,Anthurium clarinervium Matuda,Araceae,Belum ditemukan bagian terapeutik yang terverifikasi.,Belum ditemukan cara pengolahan terapeutik yang terverifikasi.,Tanaman Estetik,1,,0
421,409,Kawasan Kampus I/Rektorat,Kampus I,87,Garcinia,Garcinia subelliptica Merr.,Clusiaceae,"Daun, kulit batang, dan buah/perikarp",Berbagai bagian dibuat ekstrak atau fraksi laboratorium; bukti farmakologi terutama in vitro,Tanaman Obat; Tanaman Estetik,2,Penyakit Infeksi; Gangguan Onkologi (Kanker),2
422,410,Kawasan Kampus I/Rektorat,Kampus I,88,Walisongo kerdil,Heptapleurum arboricola Hayata,Araliaceae,Daun dan sediaan tablet berbasis bahan Schefflera arboricola; getah/daun sebagai sumber paparan toksik.,Tablet berbasis Schefflera arboricola diberikan secara oral pada tikus dengan neuropati diabetik yang diinduksi streptozotosin. Daun dan getah tidak direkomendasikan untuk konsumsi langsung karena kristal kalsium oksalat dapat mengiritasi jaringan mulut dan kulit.,Tanaman Obat; Tanaman Estetik; Tanaman Toksik,3,Gangguan Sistem Saraf; Gangguan Endokrin; Gangguan Imunologi,3
423,411,Kawasan Kampus I/Rektorat,Kampus I,89,Tembelekan,Lantana camara L.,Verbenaceae,Daun,Daun dibuat ekstrak metanol dan diberikan pada model tikus ulkus lambung serta duodenum,Tanaman Obat; Tanaman Estetik; Tanaman Toksik,3,Gangguan Sistem Pencernaan,1
424,412,Kawasan Kampus I/Rektorat,Kampus I,90,Garcinia,Garcinia cochinchinensis (Lour.) Choisy,Clusiaceae,Perikarp buah,Perikarp diekstraksi dan difraksinasi untuk isolasi benzofenon; aktivitas diuji pada sel kanker secara in vitro,Tanaman Obat; Tanaman Estetik,2,Gangguan Onkologi (Kanker),1
425,413,Kawasan Kampus I/Rektorat,Kampus I,91,Tanjung,Mimusops elengi L.,Sapotaceae,Akar; kulit batang dan batang; daun; bunga; buah; biji.,"Kulit batang, daun, bunga, akar, buah, dan biji digunakan sebagai dekokta, infusa, serbuk, pasta atau bahan yang dikunyah dalam penggunaan tradisional. Penelitian menggunakan ekstrak air, etanol, metanol, petroleum eter, kloroform, dan fraksi/isolat untuk pengujian in vitro dan in vivo.",Tanaman Obat; Tanaman Estetik; Tanaman Buah dan Sayuran,3,Gangguan Kardiovaskular; Gangguan Sistem Pencernaan; Gangguan Sistem Saraf; Gangguan Endokrin; Gangguan Urologi; Gangguan Imunologi; Gangguan Reumatologi; Gangguan Kulit (Dermatologi); Penyakit Infeksi; Gangguan Onkologi (Kanker),10
426,414,Kawasan Kampus I/Rektorat,Kampus I,92,Tembelekan,Lantana canescens Kunth,Verbenaceae,"Bagian aerial, terutama daun, batang, dan bunga.","Bagian aerial dikeringkan dan digiling, kemudian diekstraksi menggunakan pelarut hidroetanol. Ekstrak dikarakterisasi secara kimia dan diberikan secara oral pada model tikus/mencit untuk menilai inflamasi, hiperalgesia, dan nosisepsi.",Tanaman Obat; Tanaman Estetik,2,Gangguan Sistem Saraf; Gangguan Imunologi; Gangguan Reumatologi,3
427,415,Kawasan Kampus I/Rektorat,Kampus I,93,Bunga kertas,Bougainvillea × buttiana Holttum & Standl.,Nyctaginaceae,Belum ditemukan bagian terapeutik yang terverifikasi.,Belum ditemukan cara pengolahan terapeutik yang terverifikasi.,Tanaman Estetik,1,,0
428,416,Kawasan Kampus I/Rektorat,Kampus I,94,Bakung pantai,Hymenocallis littoralis (Jacq.) Salisb.,Amaryllidaceae,Bahan tumbuhan untuk ekstrak etanol; bagian spesifik tidak dirinci pada abstrak artikel,Dibuat ekstrak etanol dan diuji pada makrofag serta model mencit cedera mukosa lambung,Tanaman Obat; Tanaman Estetik,2,Gangguan Sistem Pencernaan,1
429,417,Kawasan Kampus I/Rektorat,Kampus I,95,Kamboja merah,Plumeria rubra L.,Apocynaceae,Akar; kulit batang dan batang; daun; bunga; buah dan biji; getah/lateks.,"Bagian tanaman digunakan sebagai dekokta atau infusa, serbuk, tumbukan/pasta, dan aplikasi getah secara topikal dalam laporan etnomedis. Penelitian menggunakan ekstrak air, etanol, metanol, petroleum eter, kloroform, dan fraksi/isolat untuk uji farmakologi dan toksikologi.",Tanaman Obat; Tanaman Estetik; Tanaman Toksik; Tanaman Buah dan Sayuran,4,Gangguan Sistem Pencernaan; Gangguan Sistem Saraf; Gangguan Endokrin; Gangguan Imunologi; Gangguan Reumatologi; Gangguan Kulit (Dermatologi); Penyakit Infeksi; Gangguan Onkologi (Kanker),8
430,418,Kawasan Kampus I/Rektorat,Kampus I,96,Bayam hias,Alternanthera bettzickiana (Regel) G.Nicholson,Amaranthaceae,Seluruh herba/bagian aerial,"Dikeringkan, diserbukkan, lalu dibuat ekstrak etanol terstandar untuk uji in vitro dan model artritis pada tikus",Tanaman Obat; Tanaman Estetik; Tanaman Buah dan Sayuran,3,Gangguan Reumatologi,1
431,419,Kawasan Kampus I/Rektorat,Kampus I,97,Tanjung,Mimusops elengi L.,Sapotaceae,Akar; kulit batang dan batang; daun; bunga; buah; biji.,"Kulit batang, daun, bunga, akar, buah, dan biji digunakan sebagai dekokta, infusa, serbuk, pasta atau bahan yang dikunyah dalam penggunaan tradisional. Penelitian menggunakan ekstrak air, etanol, metanol, petroleum eter, kloroform, dan fraksi/isolat untuk pengujian in vitro dan in vivo.",Tanaman Obat; Tanaman Estetik; Tanaman Buah dan Sayuran,3,Gangguan Kardiovaskular; Gangguan Sistem Pencernaan; Gangguan Sistem Saraf; Gangguan Endokrin; Gangguan Urologi; Gangguan Imunologi; Gangguan Reumatologi; Gangguan Kulit (Dermatologi); Penyakit Infeksi; Gangguan Onkologi (Kanker),10
432,420,Kawasan Kampus I/Rektorat,Kampus I,98,Pacing,Costus spiralis (Jacq.) Roscoe,Costaceae,Daun.,"Daun dikeringkan dan diekstraksi secara hidroetanol; ekstrak dan fraksi diuji pada model inflamasi, nosisepsi, artritis, serta nefrotoksisitas cisplatin pada hewan.",Tanaman Obat; Tanaman Estetik,2,Gangguan Ginjal; Gangguan Reumatologi; Penyakit Infeksi,3
433,421,Kawasan Kampus I/Rektorat,Kampus I,99,Tabebuya merah muda,Tabebuia rosea (Bertol.) DC.,Bignoniaceae,Bunga; kulit batang; daun,"Bunga dikeringkan lalu diekstraksi dan difraksinasi, termasuk fraksi etil asetat untuk pengujian laboratorium. Kulit batang atau daun dilaporkan digunakan sebagai dekok atau ekstrak tradisional.",Tanaman Obat; Tanaman Estetik,2,Gangguan Imunologi,1
434,422,Kawasan Kampus I/Rektorat,Kampus I,100,Bunga terompet,Tecoma stans (L.) Juss. ex Kunth,Bignoniaceae,Daun dan bagian aerial,Daun dibuat ekstrak air/dekok atau ekstrak laboratorium dan diuji pada model antidiabetes,Tanaman Obat; Tanaman Estetik; Tanaman Liar,3,Gangguan Endokrin,1
435,423,Kawasan Kampus I/Rektorat,Kampus I,101,Bambu raksasa,Dendrocalamus giganteus Munro,Poaceae,Belum ditemukan bagian terapeutik yang terverifikasi.,Belum ditemukan cara pengolahan terapeutik yang terverifikasi.,Tanaman Estetik; Tanaman Toksik; Tanaman Buah dan Sayuran,3,,0
436,424,Kawasan Kampus I/Rektorat,Kampus I,102,Air mata pengantin,Antigonon leptopus Hook. & Arn.,Polygonaceae,Belum ditemukan bagian terapeutik yang terverifikasi.,Belum ditemukan cara pengolahan terapeutik yang terverifikasi.,Tanaman Estetik; Tanaman Liar; Tanaman Buah dan Sayuran,3,,0
437,425,Kawasan Kampus I/Rektorat,Kampus I,103,Sirih,Piper betle L.,Piperaceae,Daun,"Daun digunakan segar, diseduh/direbus, dibuat ekstrak, atau diolah menjadi minyak atsiri sesuai penggunaan tradisional dan penelitian",Tanaman Obat; Tanaman Estetik,2,Penyakit Infeksi,1
438,426,Kawasan Kampus I/Rektorat,Kampus I,104,Carex,Carex brizoides L.,Cyperaceae,Belum ditemukan bagian terapeutik yang terverifikasi.,Belum ditemukan cara pengolahan terapeutik yang terverifikasi.,Tanaman Estetik; Tanaman Liar,2,,0
439,427,Kawasan Kampus I/Rektorat,Kampus I,105,Garcinia,Garcinia subelliptica Merr.,Clusiaceae,"Daun, kulit batang, dan buah/perikarp",Berbagai bagian dibuat ekstrak atau fraksi laboratorium; bukti farmakologi terutama in vitro,Tanaman Obat; Tanaman Estetik,2,Penyakit Infeksi; Gangguan Onkologi (Kanker),2
440,428,Kawasan Kampus I/Rektorat,Kampus I,106,Bromelia,Neoregelia farinosa (Ule) L.B.Sm.,Bromeliaceae,Belum ditemukan bagian terapeutik yang terverifikasi.,Belum ditemukan cara pengolahan terapeutik yang terverifikasi.,Tanaman Estetik,1,,0
441,429,Kawasan Kampus I/Rektorat,Kampus I,107,Aquarius,Aquarius cordifolius (L.) Christenh. & Byng,Alismataceae,Belum ditemukan bagian terapeutik yang terverifikasi.,Belum ditemukan cara pengolahan terapeutik yang terverifikasi.,Tanaman Estetik,1,,0
442,430,Kawasan Kampus I/Rektorat,Kampus I,108,Nusa indah,Mussaenda philippica A.Rich.,Rubiaceae,Belum ditemukan bagian terapeutik yang terverifikasi.,Belum ditemukan cara pengolahan terapeutik yang terverifikasi.,Tanaman Estetik,1,,0
443,431,Kawasan Kampus I/Rektorat,Kampus I,109,Dracaena,Dracaena fragrans (L.) Ker Gawl.,Asparagaceae,Akar,Akar direbus dengan air dan diminum dalam praktik etnomedis untuk keluhan terkait HIV/AIDS; bukti ini tidak membuktikan efektivitas klinis atau peningkatan CD4.,Tanaman Obat; Tanaman Estetik; Tanaman Buah dan Sayuran,3,Penyakit Infeksi,1
444,432,Kawasan Kampus I/Rektorat,Kampus I,110,Pakis haji,Cycas revoluta Thunb.,Cycadaceae,Belum ditemukan bagian terapeutik yang terverifikasi.,Belum ditemukan cara pengolahan terapeutik yang terverifikasi.,Tanaman Estetik; Tanaman Toksik,2,,0
445,433,Kawasan Kampus I/Rektorat,Kampus I,111,Tarlmounia,"Tarlmounia elliptica (DC.) H.Rob., S.C.Keeley, Skvarla & R.Chan",Asteraceae,Daun.,"Daun dikeringkan dan dibuat ekstrak air. Pada penelitian praklinik, ekstrak diberikan secara oral kepada kelinci model hiperlipidemia. Metode penelitian ini tidak diubah menjadi anjuran konsumsi manusia.",Tanaman Obat; Tanaman Estetik,2,Gangguan Kardiovaskular,1
446,434,Kawasan Kampus I/Rektorat,Kampus I,112,Paku tanduk rusa,Platycerium bifurcatum (Cav.) C.Chr.,Polypodiaceae,Daun/ental (frond),Daun dikeringkan lalu diekstraksi dengan etanol; ekstrak dipartisi dengan air dan kloroform untuk uji antibakteri/antioksidan; ekstrak etanol diberikan secara oral pada model tikus ulkus lambung.,Tanaman Obat; Tanaman Estetik,2,Gangguan Kardiovaskular; Gangguan Sistem Pernapasan; Gangguan Sistem Pencernaan; Gangguan Ginekologi dan Obstetri; Penyakit Infeksi,5
447,435,Kawasan Kampus I/Rektorat,Kampus I,113,Hibiscus,Hibiscus rosa-sinensis L.,Malvaceae,Bunga,Bunga dibuat ekstrak dan diaplikasikan secara topikal pada model luka tikus; tanaman juga dipelihara sebagai ornamental,Tanaman Obat; Tanaman Estetik,2,Gangguan Kulit (Dermatologi),1
448,436,Kawasan Kampus I/Rektorat,Kampus I,114,Philodendron,Philodendron martianum Engl.,Araceae,Belum ditemukan bagian terapeutik yang terverifikasi.,Belum ditemukan cara pengolahan terapeutik yang terverifikasi.,Tanaman Estetik; Tanaman Toksik,2,,0
449,437,Kawasan Kampus I/Rektorat,Kampus I,115,Ketapang,Terminalia catappa L.,Combretaceae,Daun; kulit batang; buah dan daging buah; biji atau kernel.,"Buah atau kernel digunakan sebagai bahan pangan. Penggunaan tradisional mencakup infusa atau dekokta daun dan kulit batang. Penelitian menggunakan ekstrak air, etanol atau pelarut lain, fraksinasi, serta pengujian in vitro dan model hewan.",Tanaman Obat; Tanaman Estetik; Tanaman Toksik; Tanaman Buah dan Sayuran,4,Gangguan Kardiovaskular; Gangguan Sistem Pencernaan; Gangguan Endokrin; Gangguan Imunologi; Gangguan Reumatologi; Gangguan Kulit (Dermatologi); Penyakit Infeksi; Gangguan Onkologi (Kanker),8
450,438,Kawasan Kampus I/Rektorat,Kampus I,116,Mondokaki,Tabernaemontana divaricata (L.) R.Br. ex Roem. & Schult.,Apocynaceae,"Daun, bunga, akar, kulit batang, dan lateks","Bagian tanaman digunakan secara tradisional sebagai rebusan, infus, tumbukan atau sediaan topikal; penelitian menggunakan ekstrak air dan pelarut organik. Lateks memerlukan kehati-hatian.",Tanaman Obat; Tanaman Estetik; Tanaman Toksik,3,Gangguan Sistem Saraf; Gangguan Endokrin; Gangguan Reumatologi; Penyakit Infeksi; Gangguan Onkologi (Kanker),5
